lead_id,company_size,source,industry,engagement_score,response_time_hours,prior_interactions,budget_confirmed,attended_demo,lead_age_months,converted
1,201-1000,Webinar,Corporate Security,58.9,8.6,2,1,1,3.6,1
2,51-200,Webinar,NGO/Nonprofit,48.8,12.0,0,0,1,2.5,0
3,1000+,Inbound Website,NGO/Nonprofit,,0.5,1,0,1,1.4,1
4,201-1000,Inbound Website,NGO/Nonprofit,63.1,2.7,2,1,0,1.4,1
5,1-50,Referral,NGO/Nonprofit,35.5,28.8,3,0,0,1.0,0
6,1000+,Referral,Higher Education,50.8,96.2,2,0,1,0.2,1
7,201-1000,Webinar,Corporate Security,43.8,22.2,2,0,0,5.7,0
8,201-1000,Cold Outreach,Government,18.3,19.3,2,0,0,0.5,0
9,1-50,University Partnership,Government,31.6,36.0,4,1,0,0.1,1
10,51-200,Cold Outreach,Other,81.4,8.2,3,0,0,0.5,0
11,51-200,Inbound Website,Healthcare,57.7,19.0,2,1,0,0.8,1
12,1000+,Inbound Website,Other,23.5,11.8,4,1,0,1.0,0
13,201-1000,Webinar,Corporate Security,19.2,11.5,2,0,0,1.2,0
14,201-1000,Cold Outreach,Corporate Security,47.8,4.9,1,1,0,3.1,0
15,51-200,University Partnership,Corporate Security,,14.1,2,0,1,6.8,1
16,1-50,Webinar,Higher Education,46.3,17.3,2,0,1,2.2,0
17,51-200,Cold Outreach,Higher Education,76.1,46.1,2,0,0,6.4,0
18,1-50,Webinar,Corporate Security,57.0,73.1,3,0,0,0.5,0
19,201-1000,Inbound Website,Higher Education,59.4,2.2,2,0,0,2.2,0
20,201-1000,Referral,Other,23.3,2.9,2,0,1,0.4,1
21,201-1000,Referral,Higher Education,68.8,42.5,1,0,1,2.3,0
22,51-200,University Partnership,Higher Education,43.3,19.8,6,0,1,0.3,1
23,1000+,Conference,NGO/Nonprofit,67.3,33.9,4,1,1,0.4,1
24,1000+,Webinar,Higher Education,33.7,2.4,1,0,0,0.4,0
25,201-1000,University Partnership,Other,53.5,4.1,0,1,0,1.2,0
26,1-50,Conference,Healthcare,57.0,19.7,0,1,0,2.6,0
27,51-200,Cold Outreach,Higher Education,46.9,13.7,6,1,0,0.1,0
28,1-50,Cold Outreach,Healthcare,58.1,14.6,5,0,0,4.2,0
29,1-50,Conference,Healthcare,44.7,54.3,5,1,1,0.3,0
30,201-1000,Referral,NGO/Nonprofit,37.0,32.8,2,1,0,2.0,0
31,201-1000,University Partnership,NGO/Nonprofit,82.1,11.6,4,1,1,0.7,1
32,1000+,Webinar,Healthcare,71.0,54.2,5,1,0,0.1,0
33,51-200,University Partnership,Corporate Security,34.8,14.2,2,0,0,0.6,1
34,51-200,Inbound Website,Government,61.4,33.0,2,0,1,0.3,0
35,51-200,University Partnership,Healthcare,35.1,32.0,5,1,0,0.6,0
36,1-50,Referral,Other,26.3,10.7,2,0,0,0.1,0
37,1-50,University Partnership,Corporate Security,70.7,25.9,1,0,0,2.8,1
38,51-200,Cold Outreach,Healthcare,15.9,59.6,1,1,1,2.9,0
39,1-50,University Partnership,Corporate Security,68.5,53.7,3,1,0,4.2,1
40,201-1000,Referral,NGO/Nonprofit,44.9,21.9,3,0,1,2.9,0
41,51-200,Conference,Other,45.8,6.4,2,0,1,8.3,0
42,201-1000,Cold Outreach,Higher Education,58.2,7.6,2,0,1,0.1,1
43,201-1000,Cold Outreach,Higher Education,61.6,37.1,2,0,0,0.1,1
44,51-200,Referral,Corporate Security,33.5,18.0,5,1,1,0.2,1
45,201-1000,Cold Outreach,Corporate Security,64.4,18.3,1,1,0,0.9,1
46,201-1000,University Partnership,Corporate Security,52.3,1.3,5,0,1,2.1,1
47,51-200,Webinar,Higher Education,24.9,7.1,0,0,0,0.2,0
48,1-50,University Partnership,Corporate Security,46.6,26.8,2,1,0,1.5,0
49,201-1000,Conference,Corporate Security,,6.9,5,1,0,3.4,1
50,1-50,Conference,Corporate Security,83.5,4.0,5,0,1,4.9,1
51,1-50,Referral,Healthcare,64.3,9.5,3,0,1,0.6,1
52,1-50,Referral,Healthcare,26.2,28.1,1,0,0,3.5,0
53,201-1000,Referral,Healthcare,59.8,28.7,2,1,0,1.2,1
54,201-1000,Webinar,NGO/Nonprofit,67.0,19.1,1,0,1,0.2,0
55,201-1000,Referral,Healthcare,64.5,15.3,0,0,1,0.2,0
56,201-1000,Conference,Corporate Security,65.7,49.3,3,1,1,0.7,1
57,51-200,Inbound Website,Healthcare,57.3,44.7,0,1,0,0.9,0
58,51-200,Inbound Website,Higher Education,48.6,12.9,4,1,1,0.4,1
59,1-50,Webinar,Government,37.8,51.9,3,0,1,1.4,1
60,1-50,Conference,Corporate Security,12.0,57.4,6,0,0,1.7,0
61,201-1000,Referral,NGO/Nonprofit,56.8,25.9,6,1,0,3.1,1
62,51-200,Cold Outreach,Healthcare,53.7,12.7,3,1,0,0.4,0
63,51-200,Cold Outreach,Higher Education,61.2,18.3,3,1,0,2.5,0
64,201-1000,Conference,Corporate Security,,7.3,4,1,1,1.3,1
65,201-1000,Webinar,Higher Education,62.9,43.2,4,0,0,2.0,0
66,51-200,Inbound Website,Healthcare,91.1,15.3,4,0,0,1.6,1
67,51-200,University Partnership,NGO/Nonprofit,51.6,35.5,2,0,0,1.8,0
68,51-200,Conference,Corporate Security,48.8,35.3,4,1,1,1.8,1
69,1-50,Cold Outreach,Corporate Security,56.2,1.4,4,0,1,5.7,1
70,51-200,Cold Outreach,Government,90.6,47.8,3,1,0,0.9,0
71,1-50,Conference,Corporate Security,,4.7,5,1,1,0.3,1
72,51-200,Cold Outreach,NGO/Nonprofit,54.1,7.7,5,1,0,0.2,0
73,1000+,Cold Outreach,Healthcare,34.0,19.5,5,1,1,1.3,0
74,1-50,Webinar,Corporate Security,39.1,20.5,4,0,1,0.6,1
75,1-50,Referral,Government,49.0,11.5,2,0,0,0.7,0
76,1-50,Cold Outreach,Higher Education,76.9,11.4,3,1,1,0.1,1
77,1-50,University Partnership,Higher Education,86.0,33.2,3,0,0,1.2,1
78,201-1000,Referral,Higher Education,59.0,17.8,3,0,1,3.1,1
79,51-200,Conference,Government,42.5,29.0,3,1,0,0.9,0
80,201-1000,Webinar,Other,99.9,50.2,5,1,1,0.7,1
81,201-1000,Cold Outreach,Corporate Security,41.4,14.6,1,0,0,0.6,0
82,51-200,Cold Outreach,Higher Education,38.6,15.6,2,0,0,0.9,1
83,201-1000,Cold Outreach,Higher Education,14.5,11.6,2,0,0,6.1,0
84,1-50,Webinar,Government,77.9,8.4,4,1,1,0.7,0
85,1-50,Conference,NGO/Nonprofit,69.4,44.6,2,0,0,0.1,0
86,1-50,Conference,Government,98.4,3.3,0,0,1,2.7,1
87,201-1000,Cold Outreach,NGO/Nonprofit,22.2,30.2,4,0,0,0.1,0
88,51-200,Cold Outreach,NGO/Nonprofit,79.2,12.8,2,1,1,2.1,1
89,1-50,Cold Outreach,Higher Education,51.4,14.3,4,1,0,2.0,0
90,51-200,Webinar,Healthcare,66.1,65.0,4,0,0,3.9,0
91,1-50,Cold Outreach,Other,17.0,10.7,3,0,1,0.3,0
92,201-1000,Inbound Website,Corporate Security,79.4,12.3,0,0,0,1.0,1
93,51-200,Webinar,Higher Education,65.7,6.5,1,0,0,5.9,0
94,51-200,Cold Outreach,Other,49.2,13.6,2,0,1,0.9,0
95,51-200,Cold Outreach,NGO/Nonprofit,62.9,5.5,1,0,0,0.3,0
96,201-1000,Cold Outreach,Corporate Security,34.7,20.3,4,0,0,4.6,0
97,51-200,Referral,Corporate Security,38.4,10.2,6,0,0,0.8,1
98,1-50,University Partnership,Higher Education,40.7,14.3,2,0,1,0.1,0
99,1-50,Inbound Website,NGO/Nonprofit,12.9,59.5,3,0,1,1.4,0
100,1000+,Cold Outreach,Corporate Security,67.2,105.2,4,0,1,2.0,0
101,1000+,University Partnership,Higher Education,73.8,4.7,4,1,1,0.5,1
102,201-1000,Webinar,Healthcare,36.0,49.3,4,0,0,1.1,1
103,1-50,Inbound Website,Other,,0.9,7,0,0,1.8,0
104,1000+,University Partnership,NGO/Nonprofit,44.7,19.1,0,1,0,1.9,0
105,201-1000,Inbound Website,Government,56.6,74.0,3,0,0,1.6,0
106,201-1000,Conference,Higher Education,37.4,20.5,6,1,0,0.1,0
107,51-200,Webinar,Other,32.3,62.0,1,0,1,0.3,0
108,1-50,Inbound Website,Other,71.0,31.1,4,1,0,3.2,0
109,1-50,Referral,Corporate Security,48.7,15.2,1,0,0,1.8,0
110,1000+,Conference,Healthcare,90.4,21.4,3,0,0,1.5,1
111,51-200,Cold Outreach,Corporate Security,50.9,20.8,5,1,0,4.1,0
112,1-50,Conference,Corporate Security,31.5,32.2,1,1,0,1.1,0
113,51-200,Webinar,Higher Education,74.5,13.2,3,0,0,1.2,0
114,51-200,Referral,Higher Education,62.6,14.5,2,1,0,0.4,0
115,1-50,Referral,Higher Education,64.5,97.5,3,0,0,1.1,1
116,1000+,Inbound Website,NGO/Nonprofit,73.8,7.4,3,1,1,1.1,1
117,201-1000,Webinar,Higher Education,36.9,8.7,3,1,1,0.2,1
118,201-1000,Referral,Higher Education,47.5,13.2,0,0,1,1.5,0
119,51-200,Inbound Website,Corporate Security,46.6,14.8,1,1,1,0.4,1
120,201-1000,Conference,Higher Education,24.2,6.0,3,1,1,3.3,1
121,51-200,Cold Outreach,Higher Education,44.7,7.1,2,1,0,0.8,0
122,201-1000,Cold Outreach,Corporate Security,76.7,1.4,4,0,1,1.3,1
123,1-50,Referral,Government,54.7,6.5,4,1,0,1.6,0
124,51-200,Inbound Website,Healthcare,23.1,26.1,4,0,0,0.2,1
125,1-50,Cold Outreach,Other,18.9,14.0,2,0,0,2.5,0
126,51-200,Conference,Higher Education,83.3,4.1,2,1,0,3.4,1
127,51-200,Cold Outreach,Other,48.2,0.5,3,0,1,0.7,0
128,1-50,Webinar,Other,37.1,8.9,2,1,0,1.4,0
129,1-50,University Partnership,NGO/Nonprofit,44.5,3.2,6,1,1,1.1,0
130,51-200,University Partnership,Healthcare,20.5,0.5,4,0,1,0.8,0
131,1-50,Inbound Website,Healthcare,78.5,32.2,6,1,0,1.3,1
132,1000+,Cold Outreach,Healthcare,42.1,29.3,2,0,0,2.3,0
133,51-200,Webinar,Healthcare,77.3,6.2,5,0,0,0.7,1
134,51-200,Conference,Higher Education,51.0,4.5,4,0,0,0.7,0
135,51-200,Conference,Other,78.6,25.3,1,0,1,3.8,1
136,1-50,Conference,Corporate Security,55.1,12.8,0,1,1,0.2,0
137,1000+,University Partnership,NGO/Nonprofit,67.1,13.1,1,0,1,1.3,1
138,51-200,Webinar,Government,64.4,12.8,2,1,0,1.8,0
139,201-1000,Conference,Higher Education,62.5,28.3,2,1,1,3.4,1
140,1-50,Cold Outreach,Corporate Security,57.0,80.7,0,1,1,3.7,1
141,51-200,Referral,Corporate Security,45.3,17.5,3,0,0,0.4,0
142,51-200,Inbound Website,Corporate Security,88.3,81.6,3,1,0,3.8,1
143,1000+,Cold Outreach,Government,31.9,4.6,3,0,0,3.1,0
144,51-200,Webinar,Higher Education,50.1,21.8,0,1,0,0.2,0
145,51-200,Conference,Corporate Security,50.3,2.1,1,0,1,2.2,0
146,1-50,Webinar,Government,58.0,21.2,4,1,1,0.7,1
147,51-200,Cold Outreach,Other,41.4,33.1,1,0,0,1.6,0
148,51-200,Cold Outreach,Higher Education,56.3,4.9,4,0,1,1.3,1
149,51-200,Cold Outreach,Government,46.6,6.9,3,1,0,3.4,0
150,1-50,Referral,Government,18.4,29.8,3,0,0,0.6,1
151,201-1000,Inbound Website,Corporate Security,50.2,8.6,1,1,1,1.1,1
152,1000+,Inbound Website,Corporate Security,28.0,0.5,0,1,1,0.6,0
153,1-50,University Partnership,Healthcare,15.3,29.6,6,0,1,6.5,0
154,51-200,Cold Outreach,Other,52.7,28.2,5,0,0,0.1,0
155,1-50,Conference,Government,59.8,6.7,3,0,1,2.2,1
156,201-1000,Referral,Healthcare,60.5,64.0,4,1,1,14.5,0
157,1-50,Webinar,Higher Education,61.3,7.7,3,1,1,1.5,1
158,201-1000,Cold Outreach,Government,11.3,2.9,2,0,0,2.3,0
159,201-1000,Inbound Website,Corporate Security,22.8,11.9,1,1,0,4.6,0
160,201-1000,University Partnership,Higher Education,89.5,0.9,5,0,1,0.6,1
161,1-50,Inbound Website,Healthcare,29.1,14.2,5,0,1,0.2,0
162,1000+,Cold Outreach,Healthcare,62.2,22.7,2,1,0,0.4,0
163,1-50,Webinar,Healthcare,36.3,76.9,2,1,0,1.4,0
164,1-50,Referral,Corporate Security,51.6,60.5,2,0,1,1.3,1
165,51-200,Cold Outreach,Healthcare,37.3,20.2,3,0,0,2.5,0
166,51-200,Webinar,Government,61.2,1.4,2,0,0,0.7,1
167,201-1000,University Partnership,Higher Education,52.7,18.2,3,0,0,3.2,1
168,201-1000,Referral,Higher Education,41.0,28.3,7,0,0,0.3,0
169,51-200,University Partnership,Healthcare,29.0,44.8,3,1,1,0.5,1
170,1000+,Cold Outreach,Other,55.4,58.8,2,0,0,1.0,1
171,1-50,Referral,Higher Education,25.7,12.8,0,0,0,1.9,0
172,51-200,Conference,Corporate Security,58.5,1.8,5,1,1,0.3,1
173,1-50,Cold Outreach,NGO/Nonprofit,100.0,43.2,3,0,1,4.4,0
174,1000+,Inbound Website,NGO/Nonprofit,77.0,4.4,4,0,0,2.2,1
175,1-50,Conference,Corporate Security,64.4,24.9,1,1,0,1.4,1
176,1-50,Referral,Healthcare,48.3,6.9,1,0,1,1.2,0
177,51-200,Inbound Website,Healthcare,,6.4,4,0,0,0.5,1
178,1000+,Conference,NGO/Nonprofit,23.6,57.6,4,0,0,0.3,0
179,1000+,Webinar,Higher Education,75.7,19.8,4,0,0,1.8,1
180,201-1000,Cold Outreach,Other,34.2,44.4,6,0,0,0.5,0
181,1000+,Cold Outreach,Higher Education,36.0,10.1,4,0,1,0.6,1
182,1000+,Referral,NGO/Nonprofit,46.7,15.7,4,0,0,4.9,1
183,51-200,Webinar,Higher Education,28.8,18.7,3,1,0,0.7,0
184,51-200,Conference,Higher Education,25.5,42.3,1,0,0,0.3,0
185,201-1000,Conference,Higher Education,,14.7,6,0,0,0.3,1
186,201-1000,Referral,Corporate Security,32.2,18.9,4,0,0,1.0,1
187,51-200,Inbound Website,Government,35.2,18.3,3,1,1,1.2,0
188,1-50,Cold Outreach,Higher Education,34.4,21.6,4,0,0,0.4,0
189,201-1000,Conference,Corporate Security,60.4,2.5,5,1,0,3.4,1
190,1-50,Referral,Corporate Security,45.4,10.3,2,0,0,1.8,0
191,1000+,Conference,NGO/Nonprofit,46.4,1.0,3,1,1,0.9,0
192,1-50,Inbound Website,NGO/Nonprofit,61.9,0.8,4,0,0,1.5,0
193,1-50,Referral,Healthcare,47.2,78.2,0,0,1,0.4,1
194,201-1000,Referral,Higher Education,44.4,2.0,2,0,1,2.7,1
195,1-50,Inbound Website,Government,59.4,24.4,5,0,0,0.9,0
196,1-50,University Partnership,Other,63.4,10.3,3,1,1,1.3,1
197,51-200,Webinar,Higher Education,47.1,5.7,8,1,0,2.3,0
198,1000+,Conference,Corporate Security,51.6,36.2,2,1,1,0.4,0
199,1-50,Webinar,Other,34.4,4.3,5,0,1,0.1,0
200,51-200,Cold Outreach,Other,32.8,45.5,2,1,0,0.6,0
201,201-1000,Cold Outreach,Corporate Security,65.4,10.5,1,0,1,3.8,0
202,1000+,Referral,Healthcare,58.9,1.4,2,1,0,0.5,1
203,51-200,Conference,Corporate Security,59.1,8.7,3,1,0,1.7,1
204,1-50,Cold Outreach,NGO/Nonprofit,55.6,23.4,0,0,1,2.3,0
205,1-50,University Partnership,Higher Education,50.9,9.7,5,1,1,0.5,1
206,1-50,University Partnership,Higher Education,63.9,4.3,2,0,0,2.5,0
207,1-50,Conference,Healthcare,68.7,9.1,2,0,1,4.9,0
208,201-1000,Referral,Higher Education,68.2,4.0,1,0,1,0.1,1
209,1-50,Conference,Healthcare,48.0,45.5,5,1,0,0.8,0
210,51-200,Inbound Website,Government,77.7,15.9,4,0,1,0.1,0
211,201-1000,Inbound Website,NGO/Nonprofit,54.6,19.7,1,0,1,3.3,1
212,51-200,Conference,NGO/Nonprofit,62.6,67.8,2,1,1,2.3,0
213,1-50,Inbound Website,Corporate Security,55.6,5.6,5,0,1,0.4,1
214,201-1000,Conference,NGO/Nonprofit,54.9,4.2,7,1,0,1.6,0
215,201-1000,Referral,Government,35.3,5.6,6,0,0,0.9,1
216,201-1000,Inbound Website,Corporate Security,64.0,61.2,5,0,0,0.5,1
217,1-50,Webinar,Higher Education,,36.0,1,1,0,2.0,1
218,1-50,Webinar,NGO/Nonprofit,42.5,77.0,4,0,0,0.5,1
219,1000+,Conference,NGO/Nonprofit,51.4,2.5,6,1,1,0.9,1
220,51-200,Conference,Other,41.1,6.7,4,0,0,0.5,0
221,51-200,Inbound Website,NGO/Nonprofit,40.2,4.1,8,1,1,1.9,1
222,51-200,Cold Outreach,Other,80.9,29.6,4,0,0,0.5,0
223,201-1000,Cold Outreach,Higher Education,36.5,5.2,3,1,0,0.8,1
224,1000+,Cold Outreach,Other,40.5,55.4,2,0,1,1.3,0
225,1-50,Cold Outreach,Corporate Security,18.3,9.6,3,0,1,0.6,0
226,1000+,Cold Outreach,Corporate Security,34.8,48.7,3,0,0,0.9,0
227,1-50,Referral,Corporate Security,15.8,9.7,2,0,1,7.5,1
228,51-200,Referral,Government,62.6,2.8,6,0,0,1.1,1
229,201-1000,Inbound Website,Government,100.0,26.6,4,0,0,0.8,1
230,1-50,Cold Outreach,Higher Education,42.7,8.8,0,0,0,1.6,0
231,1-50,Conference,Higher Education,16.7,3.1,1,1,1,2.7,0
232,51-200,Webinar,Corporate Security,68.0,8.0,6,0,0,1.9,1
233,1000+,Referral,NGO/Nonprofit,35.5,9.7,8,0,1,3.9,1
234,51-200,University Partnership,Healthcare,76.0,125.8,1,0,0,2.4,0
235,1000+,University Partnership,Corporate Security,44.4,23.8,1,0,0,0.6,0
236,201-1000,Conference,Corporate Security,37.4,3.4,1,1,1,0.8,1
237,51-200,University Partnership,Corporate Security,46.4,7.7,4,1,0,0.2,1
238,201-1000,Webinar,Higher Education,65.2,17.1,0,0,0,2.7,1
239,1-50,Conference,NGO/Nonprofit,45.5,6.7,5,1,0,0.1,1
240,1-50,Conference,Higher Education,40.1,9.3,3,0,0,3.0,0
241,201-1000,University Partnership,Healthcare,46.0,4.6,1,1,0,0.8,0
242,201-1000,Referral,NGO/Nonprofit,24.6,2.1,1,0,0,2.0,0
243,1-50,University Partnership,Corporate Security,57.9,49.8,1,0,0,0.3,0
244,51-200,Referral,NGO/Nonprofit,14.3,8.7,2,0,0,0.4,0
245,201-1000,University Partnership,Government,41.1,17.9,4,0,0,5.0,0
246,1000+,Webinar,NGO/Nonprofit,,7.1,4,1,0,2.4,1
247,201-1000,Conference,Healthcare,56.1,57.7,3,0,0,0.4,0
248,51-200,Webinar,NGO/Nonprofit,61.8,15.4,2,0,1,0.3,1
249,51-200,Webinar,Healthcare,48.7,2.5,2,0,1,2.8,0
250,51-200,University Partnership,NGO/Nonprofit,73.4,16.5,2,1,0,0.7,1
251,201-1000,Inbound Website,Other,68.5,20.5,0,1,0,7.8,1
252,1000+,Webinar,Corporate Security,58.9,2.0,1,1,0,1.0,0
253,51-200,Conference,NGO/Nonprofit,68.6,37.3,6,1,0,6.2,0
254,1-50,Conference,Healthcare,65.0,15.7,2,1,0,0.7,0
255,1-50,Cold Outreach,Corporate Security,41.2,3.8,4,0,1,3.4,1
256,201-1000,Referral,Other,23.1,60.4,7,0,1,0.4,0
257,201-1000,University Partnership,Government,58.4,31.4,1,0,0,2.3,0
258,1-50,Cold Outreach,Corporate Security,60.9,22.2,5,0,1,5.0,0
259,1-50,Conference,Higher Education,71.8,1.0,2,1,0,1.2,0
260,51-200,Cold Outreach,Higher Education,31.3,72.8,1,0,1,0.6,0
261,1-50,Inbound Website,NGO/Nonprofit,31.9,11.6,2,0,1,1.2,0
262,201-1000,Webinar,Government,59.2,9.7,1,1,0,0.5,0
263,51-200,University Partnership,Government,48.6,1.3,0,0,0,2.9,0
264,1-50,Cold Outreach,Higher Education,12.3,7.4,3,0,0,0.1,0
265,1000+,Inbound Website,Corporate Security,57.5,43.7,7,0,1,0.3,1
266,1-50,Inbound Website,NGO/Nonprofit,13.0,43.0,3,1,0,0.3,0
267,1-50,Cold Outreach,NGO/Nonprofit,31.1,2.2,5,0,1,1.2,1
268,1-50,University Partnership,Higher Education,77.0,11.9,4,0,0,0.2,1
269,1-50,Inbound Website,Corporate Security,86.5,29.3,3,0,0,0.2,1
270,1-50,University Partnership,Corporate Security,25.7,15.7,2,1,1,2.5,0
271,1-50,Conference,Healthcare,43.4,6.0,3,0,0,0.2,0
272,1-50,University Partnership,Corporate Security,,22.8,6,0,0,2.0,1
273,1-50,Referral,Government,85.6,15.6,7,1,1,0.4,1
274,51-200,Cold Outreach,Corporate Security,40.1,16.9,2,1,0,0.1,1
275,201-1000,Webinar,Corporate Security,40.5,4.1,5,0,1,0.6,0
276,51-200,Webinar,Corporate Security,81.0,12.3,1,0,1,1.8,0
277,51-200,Cold Outreach,Corporate Security,42.5,32.7,4,0,0,0.7,0
278,51-200,Conference,NGO/Nonprofit,64.4,15.7,0,1,0,0.2,1
279,1000+,Cold Outreach,Healthcare,20.5,22.2,3,0,0,1.3,0
280,1000+,Cold Outreach,Government,46.6,10.5,3,1,1,2.4,0
281,1-50,Cold Outreach,NGO/Nonprofit,16.8,37.4,1,1,1,1.1,0
282,1-50,Referral,NGO/Nonprofit,28.9,2.7,2,0,1,7.7,0
283,1-50,Webinar,Higher Education,66.8,28.1,4,0,1,1.7,0
284,1-50,University Partnership,Corporate Security,49.0,4.6,5,1,0,1.3,0
285,51-200,Webinar,Government,43.6,6.8,2,1,0,0.7,1
286,51-200,Referral,Healthcare,35.0,51.7,4,1,0,1.0,0
287,1-50,Conference,Higher Education,45.6,12.3,3,0,1,0.9,0
288,51-200,Cold Outreach,Healthcare,56.0,13.7,3,1,0,3.3,0
289,51-200,Conference,Government,69.7,24.5,3,1,0,0.4,1
290,1-50,Cold Outreach,Corporate Security,,27.9,1,1,0,4.2,0
291,201-1000,Referral,Other,33.4,24.0,2,0,0,1.5,0
292,1-50,Inbound Website,Government,53.2,19.0,1,0,0,2.3,0
293,1000+,Webinar,NGO/Nonprofit,48.0,0.5,3,0,0,3.1,0
294,1-50,Inbound Website,Other,58.1,4.0,1,1,1,2.3,1
295,201-1000,Cold Outreach,NGO/Nonprofit,55.4,7.6,4,1,1,1.0,1
296,1000+,Webinar,Higher Education,43.9,43.3,4,0,0,0.1,1
297,1000+,Conference,NGO/Nonprofit,39.5,60.9,6,0,1,7.7,0
298,201-1000,Webinar,Higher Education,45.1,15.6,5,0,0,0.4,1
299,201-1000,Cold Outreach,Government,73.0,11.0,3,0,1,0.3,1
300,201-1000,Inbound Website,NGO/Nonprofit,35.4,77.1,3,1,0,2.1,0
301,201-1000,Inbound Website,Healthcare,48.7,16.9,1,0,0,2.0,0
302,1-50,Conference,Corporate Security,53.7,29.6,6,0,0,0.3,0
303,51-200,Cold Outreach,Government,81.2,19.7,4,1,0,6.0,1
304,51-200,Cold Outreach,NGO/Nonprofit,44.0,10.9,3,0,0,2.5,1
305,1000+,Inbound Website,Healthcare,69.2,13.5,1,0,1,3.3,1
306,51-200,Webinar,Corporate Security,74.6,24.8,4,0,1,0.3,1
307,51-200,Inbound Website,NGO/Nonprofit,48.7,56.4,2,0,0,0.2,0
308,201-1000,Cold Outreach,Higher Education,45.8,13.7,5,0,0,2.0,0
309,1-50,University Partnership,Higher Education,43.4,12.5,6,1,1,0.4,1
310,1-50,Inbound Website,Healthcare,44.9,1.3,1,0,0,0.6,0
311,51-200,Referral,Other,67.1,3.1,2,0,0,4.2,1
312,51-200,University Partnership,Higher Education,54.6,0.5,2,0,0,0.1,1
313,1-50,Webinar,Higher Education,54.7,3.2,2,0,0,3.4,1
314,51-200,Inbound Website,Higher Education,27.5,35.7,4,0,0,0.8,1
315,51-200,Conference,NGO/Nonprofit,30.7,31.4,0,0,0,1.2,0
316,51-200,University Partnership,Higher Education,92.9,35.8,5,0,0,3.2,0
317,51-200,Referral,Corporate Security,46.4,0.7,2,1,1,2.7,1
318,201-1000,Conference,Other,34.5,26.2,5,0,1,7.2,0
319,1-50,University Partnership,Higher Education,78.6,7.5,3,1,1,7.6,0
320,1000+,University Partnership,Corporate Security,55.6,15.2,2,0,0,1.0,1
321,1000+,University Partnership,Corporate Security,61.6,51.7,3,0,1,0.5,0
322,51-200,Webinar,NGO/Nonprofit,47.2,19.5,1,0,1,0.5,1
323,51-200,Conference,Government,43.6,3.0,0,0,0,2.4,0
324,51-200,Inbound Website,Corporate Security,46.6,11.8,3,0,0,0.9,1
325,201-1000,Inbound Website,Higher Education,,74.5,2,1,1,1.1,0
326,201-1000,University Partnership,Healthcare,48.2,54.8,5,0,0,2.2,0
327,201-1000,Cold Outreach,NGO/Nonprofit,55.9,37.2,1,0,1,2.4,0
328,51-200,Cold Outreach,Higher Education,87.0,3.2,4,1,1,1.2,1
329,201-1000,Referral,Government,51.7,4.0,4,0,1,2.5,0
330,1-50,University Partnership,NGO/Nonprofit,3.3,2.4,2,0,1,1.5,0
331,201-1000,Cold Outreach,Higher Education,48.1,3.4,2,0,1,0.5,0
332,1-50,Referral,Government,100.0,0.5,2,0,1,0.7,1
333,201-1000,Webinar,Corporate Security,67.3,44.2,3,1,1,2.6,1
334,1000+,Inbound Website,Government,33.8,28.6,2,0,0,0.2,0
335,1-50,Referral,Government,61.8,37.2,4,0,1,3.0,0
336,201-1000,Cold Outreach,Corporate Security,35.2,16.0,4,1,0,0.7,0
337,1-50,Inbound Website,Higher Education,22.9,0.5,3,0,0,0.2,0
338,201-1000,Inbound Website,Corporate Security,43.0,14.8,5,0,0,6.1,1
339,1-50,Inbound Website,Healthcare,51.8,1.5,2,0,0,2.0,0
340,1000+,Cold Outreach,Corporate Security,12.6,46.2,4,0,0,0.1,0
341,1-50,Inbound Website,Higher Education,27.0,0.8,1,0,0,0.3,0
342,1000+,University Partnership,NGO/Nonprofit,50.2,9.0,3,0,0,1.5,0
343,201-1000,Cold Outreach,Higher Education,41.8,43.4,5,0,1,0.1,0
344,51-200,University Partnership,NGO/Nonprofit,57.9,36.7,2,1,1,0.7,0
345,201-1000,Cold Outreach,Government,25.7,41.2,1,1,1,1.1,0
346,201-1000,Cold Outreach,NGO/Nonprofit,64.3,24.0,5,1,0,3.4,1
347,1000+,University Partnership,Higher Education,26.3,5.3,1,0,0,0.7,0
348,1-50,Inbound Website,Higher Education,82.9,36.5,4,1,1,1.6,0
349,51-200,Cold Outreach,Corporate Security,15.7,47.3,2,0,0,2.2,1
350,1-50,University Partnership,Higher Education,28.1,48.0,5,1,1,0.3,1
351,201-1000,Referral,Higher Education,58.3,38.8,3,1,1,1.6,1
352,1-50,Cold Outreach,Healthcare,83.3,25.7,2,0,0,1.3,0
353,51-200,Cold Outreach,NGO/Nonprofit,56.3,54.7,1,0,0,1.4,0
354,51-200,Cold Outreach,Higher Education,61.3,38.1,4,1,0,0.3,0
355,51-200,University Partnership,NGO/Nonprofit,50.4,1.7,3,1,0,1.4,1
356,51-200,Inbound Website,NGO/Nonprofit,29.5,8.4,4,0,0,0.3,0
357,201-1000,Conference,NGO/Nonprofit,40.2,10.2,4,1,1,1.2,1
358,201-1000,Cold Outreach,Healthcare,25.8,47.8,0,0,1,6.6,0
359,51-200,Webinar,Healthcare,24.4,19.7,1,0,0,0.5,0
360,51-200,Conference,Corporate Security,58.0,1.3,6,0,0,3.1,0
361,1000+,Conference,Healthcare,27.5,2.7,2,1,0,0.6,0
362,1-50,Webinar,Other,56.4,9.0,3,0,0,1.9,1
363,1-50,Conference,Higher Education,24.0,5.9,7,0,1,1.2,0
364,1-50,Conference,Government,55.9,4.2,1,0,1,4.4,1
365,201-1000,Inbound Website,Higher Education,40.2,7.6,5,0,1,0.6,1
366,51-200,Cold Outreach,Other,78.1,25.9,1,0,0,5.9,0
367,201-1000,Referral,Corporate Security,56.5,29.4,2,0,0,0.6,1
368,201-1000,Referral,Healthcare,74.7,62.3,4,1,1,3.0,1
369,51-200,Cold Outreach,NGO/Nonprofit,34.9,19.2,1,0,1,1.7,0
370,1000+,Cold Outreach,Other,51.1,9.5,1,0,1,0.7,0
371,201-1000,Cold Outreach,Higher Education,30.4,12.8,4,0,0,2.7,0
372,1-50,Webinar,NGO/Nonprofit,41.7,1.0,5,0,1,13.5,1
373,51-200,Webinar,NGO/Nonprofit,44.8,9.3,2,0,0,1.6,1
374,51-200,Inbound Website,Higher Education,35.5,5.2,1,0,0,3.2,0
375,1-50,Referral,NGO/Nonprofit,25.7,3.1,3,0,1,0.4,1
376,1-50,University Partnership,Government,21.7,11.3,5,0,0,1.7,0
377,1000+,Inbound Website,Healthcare,3.2,3.4,2,0,1,3.8,0
378,51-200,Inbound Website,Corporate Security,28.9,1.7,3,1,0,8.3,0
379,51-200,Conference,Government,62.5,22.6,5,0,0,0.5,0
380,201-1000,Conference,Higher Education,18.0,34.6,1,0,0,2.5,0
381,51-200,Conference,Higher Education,22.6,13.9,2,0,1,0.5,1
382,1000+,Cold Outreach,Higher Education,85.8,0.5,0,0,1,0.1,1
383,201-1000,Cold Outreach,Healthcare,37.3,10.9,3,0,0,0.8,1
384,51-200,University Partnership,Government,56.4,1.2,3,1,0,4.5,1
385,51-200,Webinar,Higher Education,62.8,26.0,7,0,0,0.6,1
386,1000+,Conference,Healthcare,63.3,47.4,4,0,0,0.5,1
387,201-1000,Cold Outreach,Healthcare,19.6,20.0,7,0,1,1.6,0
388,1000+,Webinar,Corporate Security,45.4,6.1,5,0,0,1.3,1
389,1-50,University Partnership,Other,17.6,61.7,4,1,0,0.7,0
390,1000+,University Partnership,Government,98.9,25.5,3,0,0,0.1,1
391,201-1000,University Partnership,NGO/Nonprofit,18.1,1.8,2,0,0,0.8,0
392,1-50,Referral,Higher Education,29.0,5.1,2,0,1,1.4,0
393,51-200,Conference,Healthcare,29.2,30.4,5,0,1,1.0,0
394,201-1000,Cold Outreach,Other,20.1,5.2,0,0,0,0.2,0
395,1-50,Inbound Website,NGO/Nonprofit,77.1,16.4,4,0,1,0.2,1
396,51-200,Inbound Website,Corporate Security,98.4,11.1,4,0,0,0.2,1
397,201-1000,University Partnership,Healthcare,40.5,8.1,1,0,1,0.3,0
398,1-50,University Partnership,Government,,2.9,3,0,1,0.8,1
399,51-200,Inbound Website,Healthcare,5.3,27.9,1,0,0,0.2,0
400,51-200,University Partnership,NGO/Nonprofit,45.1,22.8,4,0,1,3.1,1
401,51-200,Conference,Other,43.7,48.6,5,1,0,0.5,0
402,1000+,Referral,Corporate Security,37.0,6.5,4,0,1,0.2,0
403,201-1000,Inbound Website,Higher Education,54.4,1.1,4,1,0,3.0,1
404,1-50,Inbound Website,Corporate Security,57.9,54.8,7,1,0,0.6,0
405,1000+,University Partnership,Higher Education,56.5,21.9,1,0,1,0.8,0
406,1000+,University Partnership,Higher Education,43.7,0.5,4,0,0,0.3,1
407,1-50,Conference,Government,28.0,105.8,0,1,0,1.1,0
408,201-1000,University Partnership,Healthcare,63.3,50.1,2,0,0,1.9,1
409,1-50,Cold Outreach,Higher Education,50.3,10.2,2,0,0,0.5,0
410,1000+,Cold Outreach,Higher Education,67.8,21.7,3,0,1,0.2,0
411,201-1000,University Partnership,Higher Education,65.8,7.6,4,0,1,0.3,0
412,201-1000,Inbound Website,NGO/Nonprofit,21.6,6.5,2,1,1,7.6,0
413,1-50,Inbound Website,Healthcare,21.3,12.8,4,1,0,0.6,0
414,1000+,Cold Outreach,Higher Education,34.9,8.2,1,1,0,4.6,0
415,1-50,Inbound Website,Higher Education,28.9,9.0,4,1,0,0.5,0
416,1-50,University Partnership,Corporate Security,65.1,1.8,1,0,0,8.3,0
417,1-50,Referral,Government,57.0,116.5,3,0,1,1.0,0
418,201-1000,Webinar,Corporate Security,72.0,23.6,2,1,0,1.7,1
419,1-50,Conference,Corporate Security,57.9,2.7,3,1,0,0.2,1
420,1000+,Referral,Other,54.2,3.4,4,1,1,1.1,1
421,201-1000,University Partnership,Government,74.0,31.6,6,1,0,1.2,1
422,1-50,Webinar,Healthcare,59.4,200.9,5,0,0,7.7,0
423,1-50,Inbound Website,Higher Education,51.4,16.1,4,0,1,4.0,0
424,1-50,Referral,Other,79.6,5.3,0,1,0,1.5,1
425,201-1000,Cold Outreach,Other,52.3,108.6,4,0,1,3.9,0
426,201-1000,Inbound Website,Healthcare,43.9,24.2,2,0,1,0.1,1
427,1-50,Cold Outreach,Corporate Security,,7.0,4,0,0,7.1,0
428,201-1000,University Partnership,Higher Education,64.1,18.2,1,0,0,1.8,0
429,1-50,University Partnership,NGO/Nonprofit,74.7,17.0,4,0,0,4.1,1
430,201-1000,Cold Outreach,Healthcare,49.0,29.7,3,0,1,1.5,0
431,1000+,Cold Outreach,Higher Education,76.2,22.7,2,0,0,5.7,0
432,201-1000,Conference,Corporate Security,10.6,65.6,6,0,1,3.0,1
433,201-1000,Webinar,Corporate Security,48.9,39.3,2,0,0,5.4,1
434,201-1000,Inbound Website,NGO/Nonprofit,49.2,10.6,4,0,0,2.7,0
435,1-50,Conference,Healthcare,35.5,61.2,3,1,0,1.8,1
436,1-50,Cold Outreach,Healthcare,97.7,7.7,3,0,0,2.7,0
437,1-50,Cold Outreach,Healthcare,48.7,12.5,1,0,0,2.9,0
438,51-200,Conference,Government,41.8,1.2,3,0,0,2.8,0
439,201-1000,University Partnership,Government,50.5,31.9,5,0,1,5.0,1
440,201-1000,Inbound Website,Higher Education,9.9,20.9,3,1,0,4.0,0
441,1000+,Inbound Website,NGO/Nonprofit,34.8,32.5,3,0,1,5.1,0
442,1-50,Referral,Corporate Security,69.7,80.1,4,0,0,0.8,1
443,201-1000,Cold Outreach,Corporate Security,37.4,12.0,3,1,1,6.8,0
444,1-50,University Partnership,Higher Education,33.4,34.0,4,0,0,1.3,1
445,1-50,University Partnership,Higher Education,76.2,25.9,1,1,1,0.5,1
446,201-1000,Cold Outreach,Corporate Security,76.8,53.8,1,1,0,0.4,0
447,1000+,University Partnership,Higher Education,60.3,70.0,2,0,0,1.2,0
448,201-1000,Inbound Website,Higher Education,40.9,51.7,5,1,0,0.4,1
449,1-50,Conference,NGO/Nonprofit,45.2,15.8,2,0,0,0.9,0
450,201-1000,Inbound Website,Government,,5.3,3,0,0,4.6,0
451,1-50,University Partnership,Government,30.1,2.8,2,0,0,0.4,0
452,1000+,University Partnership,Corporate Security,29.1,7.8,1,0,1,1.9,1
453,201-1000,University Partnership,NGO/Nonprofit,37.6,12.4,3,0,0,1.6,0
454,1-50,Referral,Government,29.3,65.8,0,0,0,0.2,0
455,1-50,Conference,NGO/Nonprofit,18.7,11.0,1,0,1,0.9,0
456,1-50,Cold Outreach,Other,54.4,0.6,2,0,1,2.4,0
457,1000+,University Partnership,Healthcare,54.7,10.3,4,0,0,3.3,1
458,51-200,Inbound Website,Corporate Security,84.0,11.4,2,0,0,1.6,1
459,201-1000,Cold Outreach,Healthcare,36.6,6.8,2,0,0,1.7,0
460,201-1000,Referral,Corporate Security,,19.1,4,0,0,4.5,0
461,51-200,University Partnership,Corporate Security,56.3,12.7,2,1,0,3.8,0
462,1-50,Webinar,Corporate Security,44.9,1.8,1,0,1,0.5,0
463,1000+,Inbound Website,Government,64.9,15.7,5,1,1,0.8,1
464,51-200,University Partnership,Higher Education,65.5,35.3,4,0,0,2.1,0
465,51-200,Conference,Corporate Security,56.5,26.0,3,0,0,1.5,1
466,201-1000,Conference,Higher Education,44.9,1.8,4,1,0,2.1,0
467,201-1000,Inbound Website,Corporate Security,42.8,61.7,5,0,0,1.4,1
468,1000+,University Partnership,Corporate Security,22.6,19.7,2,0,0,2.1,0
469,1-50,Referral,Other,33.9,15.9,1,0,1,1.5,0
470,51-200,Conference,Higher Education,37.6,6.2,3,0,0,0.7,1
471,51-200,Cold Outreach,Healthcare,27.5,43.0,2,0,1,5.2,0
472,51-200,Webinar,Corporate Security,58.8,29.4,1,0,0,0.2,0
473,1-50,Inbound Website,Higher Education,73.9,0.8,2,0,0,1.0,1
474,1-50,Referral,Higher Education,31.8,2.6,4,1,0,1.8,0
475,1-50,Inbound Website,Higher Education,55.7,1.3,5,0,1,4.2,0
476,51-200,Conference,Higher Education,,18.9,2,0,0,1.4,0
477,51-200,Inbound Website,Government,43.9,143.2,3,1,0,0.1,0
478,201-1000,Cold Outreach,Corporate Security,36.2,61.8,2,0,0,3.9,1
479,201-1000,Conference,Corporate Security,62.0,21.2,4,1,1,2.9,1
480,51-200,Webinar,Higher Education,36.4,90.8,2,0,1,1.4,0
481,51-200,Inbound Website,Higher Education,70.2,13.9,3,0,0,1.5,0
482,1-50,Inbound Website,Higher Education,45.1,8.1,11,1,0,0.9,1
483,51-200,Inbound Website,Corporate Security,37.0,16.5,6,0,0,5.2,0
484,51-200,University Partnership,Government,24.9,6.7,1,1,0,0.3,0
485,1-50,Referral,Corporate Security,55.1,8.5,1,0,1,2.3,1
486,51-200,University Partnership,Higher Education,67.9,18.0,5,1,0,1.5,1
487,51-200,Webinar,Higher Education,55.5,24.0,0,0,1,1.9,0
488,1-50,Webinar,Other,94.8,42.7,9,0,1,2.2,1
489,51-200,Webinar,Higher Education,78.6,13.6,0,0,1,3.8,1
490,51-200,Cold Outreach,Higher Education,43.8,31.6,3,1,0,0.1,0
491,201-1000,Inbound Website,Higher Education,,0.9,2,0,1,3.8,1
492,201-1000,Conference,Other,59.4,6.1,3,0,0,1.0,1
493,201-1000,University Partnership,Healthcare,33.2,4.5,5,1,0,3.7,0
494,51-200,Inbound Website,Healthcare,73.3,22.0,2,0,1,0.9,0
495,201-1000,Inbound Website,Other,57.2,3.2,3,0,0,2.4,1
496,51-200,Webinar,Higher Education,55.1,106.7,3,0,0,0.5,0
497,51-200,University Partnership,Other,63.7,19.4,5,0,0,5.5,0
498,201-1000,Inbound Website,Higher Education,84.5,46.3,7,0,0,2.6,1
499,51-200,Conference,Healthcare,53.4,2.0,4,0,1,0.1,0
500,51-200,Inbound Website,Corporate Security,47.7,23.4,4,0,1,0.1,1
501,201-1000,Conference,Government,80.2,35.5,3,0,1,0.6,1
502,1000+,Conference,Other,69.4,21.7,4,0,0,1.7,1
503,1000+,Cold Outreach,Higher Education,43.6,18.2,0,0,0,0.9,0
504,51-200,Webinar,Other,50.1,31.1,3,1,0,0.3,0
505,51-200,Cold Outreach,Government,53.9,73.9,1,0,0,2.0,0
506,201-1000,Conference,Healthcare,57.2,22.5,4,0,1,1.7,0
507,51-200,Referral,Other,22.9,45.6,1,0,1,3.7,1
508,201-1000,Cold Outreach,Higher Education,19.2,10.7,1,0,1,0.7,0
509,51-200,Conference,Other,32.3,13.5,2,1,1,1.9,1
510,1-50,University Partnership,Corporate Security,30.7,22.7,2,0,0,4.9,1
511,1-50,Inbound Website,Healthcare,37.1,4.3,3,1,1,4.6,1
512,201-1000,Cold Outreach,Higher Education,62.7,4.3,3,1,1,0.2,0
513,1-50,Conference,Corporate Security,46.6,166.3,4,1,1,3.5,0
514,1-50,Conference,Healthcare,53.9,55.3,3,1,0,0.4,1
515,51-200,Cold Outreach,Corporate Security,25.5,68.5,5,0,1,0.4,0
516,1-50,Inbound Website,Higher Education,40.8,47.7,4,1,0,0.1,0
517,51-200,Cold Outreach,Higher Education,61.7,39.2,5,1,1,5.1,1
518,201-1000,Webinar,NGO/Nonprofit,61.9,58.6,4,0,1,0.7,0
519,1-50,Inbound Website,Higher Education,35.5,24.9,0,0,1,1.3,0
520,201-1000,Inbound Website,Healthcare,53.2,9.7,3,0,0,2.2,0
521,1000+,Referral,Other,94.0,50.2,3,0,0,0.1,1
522,51-200,University Partnership,Higher Education,49.6,26.2,2,0,1,1.5,0
523,1-50,Inbound Website,Higher Education,36.1,6.3,1,1,1,0.5,1
524,201-1000,Webinar,Healthcare,46.5,82.7,6,0,1,1.1,0
525,1-50,Cold Outreach,Higher Education,51.8,33.6,2,0,0,1.4,0
526,51-200,Referral,Corporate Security,47.0,7.9,2,0,1,0.2,1
527,1000+,Cold Outreach,Healthcare,49.4,17.8,4,0,1,3.9,0
528,1000+,Conference,Corporate Security,21.1,24.7,5,0,0,6.3,0
529,201-1000,Referral,Government,30.7,15.0,5,1,0,0.5,1
530,51-200,Cold Outreach,Healthcare,47.0,42.9,2,0,1,2.8,0
531,201-1000,Conference,Corporate Security,46.7,22.1,4,1,0,1.0,1
532,201-1000,Referral,Higher Education,38.7,11.8,4,1,1,0.3,0
533,51-200,Inbound Website,Corporate Security,46.5,26.5,4,1,0,3.2,1
534,201-1000,University Partnership,NGO/Nonprofit,51.2,52.8,1,0,0,2.4,0
535,1-50,Conference,Healthcare,67.8,2.0,3,1,0,7.2,0
536,1-50,Inbound Website,Corporate Security,48.0,5.3,2,1,1,0.2,1
537,51-200,Conference,Government,58.0,30.1,6,1,1,0.7,1
538,1-50,University Partnership,Higher Education,39.2,39.9,2,0,1,2.3,0
539,1-50,Webinar,Higher Education,61.4,11.5,4,1,1,0.8,1
540,201-1000,Inbound Website,Higher Education,57.5,6.3,2,0,0,2.6,0
541,1000+,University Partnership,Other,67.3,116.0,4,0,1,0.6,0
542,51-200,University Partnership,Higher Education,64.3,10.3,4,1,0,0.6,1
543,201-1000,Referral,NGO/Nonprofit,61.8,4.0,4,1,0,2.6,0
544,1000+,Conference,Higher Education,48.0,25.9,5,0,0,0.7,0
545,1-50,Inbound Website,Government,54.9,23.7,1,0,0,1.4,0
546,51-200,Webinar,Corporate Security,71.3,3.6,1,1,1,0.4,1
547,51-200,Inbound Website,Government,37.0,23.2,4,0,0,0.7,0
548,1-50,Webinar,NGO/Nonprofit,37.4,1.1,4,0,1,0.4,0
549,201-1000,Cold Outreach,Other,53.6,23.8,3,1,1,2.3,1
550,51-200,Cold Outreach,NGO/Nonprofit,58.3,8.0,4,1,0,3.6,0
551,51-200,Webinar,Higher Education,33.5,10.5,4,0,0,0.6,0
552,1-50,University Partnership,NGO/Nonprofit,48.5,9.3,4,0,1,0.6,1
553,1-50,Conference,Higher Education,48.1,18.2,4,0,0,2.7,0
554,1000+,Inbound Website,Other,5.7,35.6,3,0,1,3.7,1
555,1-50,Cold Outreach,Corporate Security,45.6,21.0,4,1,0,1.5,0
556,1-50,Webinar,Government,46.9,7.1,4,1,0,0.8,0
557,1-50,Referral,Higher Education,46.8,3.9,3,0,0,0.9,0
558,51-200,Conference,Higher Education,78.3,37.4,2,0,0,5.2,0
559,51-200,Conference,Higher Education,25.7,12.9,5,0,0,0.5,0
560,51-200,Conference,Other,33.5,22.0,0,0,0,0.5,0
561,1-50,Cold Outreach,NGO/Nonprofit,0.0,11.6,2,0,0,3.5,0
562,1-50,University Partnership,Other,40.4,6.6,4,0,1,1.0,1
563,201-1000,University Partnership,Higher Education,42.1,4.4,1,1,0,5.8,1
564,201-1000,Referral,Corporate Security,39.8,6.0,6,0,0,6.5,1
565,201-1000,Referral,Government,72.2,1.5,2,1,0,0.5,1
566,201-1000,Referral,Corporate Security,67.2,53.1,4,0,0,2.8,1
567,201-1000,Conference,Government,51.6,4.2,2,1,0,0.3,0
568,1-50,Referral,Government,42.6,17.7,5,1,1,2.3,1
569,51-200,Referral,Corporate Security,70.5,9.9,1,0,0,3.9,0
570,51-200,Inbound Website,Higher Education,49.6,36.5,1,0,1,1.4,0
571,51-200,Webinar,Corporate Security,33.6,30.8,5,1,0,0.6,1
572,201-1000,Inbound Website,Healthcare,15.7,0.5,2,0,0,0.3,0
573,51-200,Webinar,Higher Education,41.2,7.3,3,0,0,1.2,0
574,201-1000,Conference,Other,65.1,31.6,3,0,1,0.4,1
575,1000+,Webinar,Corporate Security,95.5,16.5,1,1,1,1.8,1
576,51-200,Webinar,NGO/Nonprofit,51.2,86.4,2,0,0,1.3,0
577,1000+,Inbound Website,Healthcare,34.7,76.2,5,0,1,3.1,0
578,51-200,Cold Outreach,Healthcare,26.3,26.7,3,0,0,2.5,1
579,1000+,Cold Outreach,Healthcare,61.0,3.8,2,1,0,1.9,0
580,51-200,Cold Outreach,NGO/Nonprofit,14.7,22.3,5,0,1,0.9,1
581,51-200,University Partnership,Healthcare,61.0,26.6,2,1,0,5.2,1
582,51-200,Inbound Website,Government,66.4,38.3,6,1,0,3.8,0
583,1-50,University Partnership,Higher Education,58.7,54.1,6,0,0,4.1,0
584,51-200,University Partnership,Healthcare,45.6,2.2,4,0,1,0.3,1
585,1000+,University Partnership,Higher Education,61.3,89.2,4,1,0,0.1,1
586,201-1000,Inbound Website,Higher Education,53.4,3.9,1,1,1,2.7,1
587,1-50,Cold Outreach,Higher Education,34.4,3.7,6,0,0,0.8,0
588,51-200,Inbound Website,Corporate Security,87.0,6.7,2,0,1,0.9,0
589,1-50,Conference,Higher Education,43.0,39.1,0,0,0,0.3,0
590,1-50,Referral,Healthcare,65.5,6.7,7,0,1,2.5,1
591,1000+,Inbound Website,NGO/Nonprofit,1.6,32.8,3,0,0,4.6,0
592,51-200,Cold Outreach,NGO/Nonprofit,75.5,37.9,1,0,0,9.6,0
593,51-200,University Partnership,Government,79.4,7.3,2,0,0,8.4,1
594,51-200,Inbound Website,Corporate Security,50.6,20.5,3,1,1,4.5,0
595,1-50,Conference,Corporate Security,61.2,13.0,2,1,0,0.4,1
596,1-50,University Partnership,Corporate Security,61.2,73.1,9,1,0,0.7,1
597,201-1000,Webinar,Healthcare,37.1,15.7,3,0,1,0.2,0
598,201-1000,University Partnership,Higher Education,60.9,0.5,3,0,0,1.4,0
599,1000+,Webinar,Other,33.8,17.6,3,0,0,3.6,0
600,201-1000,Webinar,Higher Education,37.8,21.7,2,1,0,0.1,1
601,51-200,Webinar,NGO/Nonprofit,72.5,10.6,5,0,0,8.8,0
602,201-1000,Webinar,Corporate Security,69.5,64.7,2,0,0,0.3,1
603,1000+,Referral,Higher Education,35.9,43.5,4,1,1,0.5,1
604,201-1000,Inbound Website,Healthcare,35.3,12.0,3,1,0,2.3,1
605,1000+,Inbound Website,Higher Education,37.1,8.3,0,0,0,1.5,0
606,201-1000,Inbound Website,NGO/Nonprofit,64.7,7.8,0,1,1,4.4,1
607,1000+,Referral,Corporate Security,30.0,5.4,4,0,0,2.6,0
608,1-50,Cold Outreach,Higher Education,57.1,56.3,4,0,0,0.1,0
609,201-1000,Cold Outreach,Higher Education,64.9,10.7,6,0,1,4.2,1
610,51-200,Referral,NGO/Nonprofit,48.2,2.6,2,0,0,2.9,0
611,51-200,University Partnership,Government,70.2,31.0,3,1,0,2.0,1
612,201-1000,Cold Outreach,NGO/Nonprofit,43.9,2.2,6,0,1,0.1,1
613,1000+,Inbound Website,NGO/Nonprofit,45.7,66.5,3,0,1,2.8,1
614,1000+,University Partnership,Healthcare,30.5,1.2,2,1,1,1.5,0
615,1-50,Inbound Website,Government,70.3,12.3,1,0,1,2.3,0
616,201-1000,Webinar,Healthcare,34.7,15.0,0,0,0,3.9,0
617,201-1000,Inbound Website,Other,57.0,21.7,4,0,0,3.2,0
618,51-200,Cold Outreach,Higher Education,48.6,2.2,7,0,1,2.8,1
619,1-50,Cold Outreach,Government,28.9,35.9,3,0,1,2.1,0
620,1-50,Webinar,Higher Education,37.8,10.0,4,0,1,1.1,1
621,201-1000,Conference,Government,77.7,28.8,4,1,0,3.0,1
622,51-200,Cold Outreach,Healthcare,54.0,12.2,7,0,1,1.2,0
623,1000+,Webinar,Corporate Security,29.8,19.0,2,0,0,2.9,0
624,51-200,Webinar,Corporate Security,56.1,52.1,3,0,0,3.3,0
625,1000+,Inbound Website,Government,47.1,0.5,2,1,0,1.0,0
626,51-200,Referral,Higher Education,100.0,2.0,4,0,0,1.8,1
627,201-1000,Webinar,Government,55.7,46.8,2,0,1,1.3,0
628,1-50,Cold Outreach,NGO/Nonprofit,42.4,79.2,5,1,0,1.5,0
629,51-200,Conference,Healthcare,78.4,51.3,1,0,1,0.3,1
630,201-1000,Cold Outreach,Government,13.2,56.4,4,0,0,5.5,0
631,1000+,Cold Outreach,NGO/Nonprofit,,9.2,1,0,0,2.7,0
632,201-1000,Conference,Higher Education,89.9,86.0,3,0,0,0.1,0
633,1-50,Cold Outreach,Government,47.7,21.4,2,1,0,1.2,0
634,51-200,University Partnership,Higher Education,15.3,4.6,5,0,1,1.8,1
635,1-50,University Partnership,Other,42.1,3.0,2,0,0,1.6,0
636,1-50,Referral,Healthcare,79.1,7.0,4,0,0,4.8,1
637,201-1000,Referral,Healthcare,57.5,29.7,1,0,0,5.0,0
638,201-1000,Cold Outreach,Higher Education,33.2,68.5,2,0,0,5.0,0
639,201-1000,Inbound Website,Higher Education,36.3,10.9,3,1,0,5.5,0
640,1000+,Inbound Website,Healthcare,38.8,29.0,2,0,1,1.7,0
641,201-1000,Referral,Government,57.2,14.0,2,1,0,0.7,1
642,201-1000,Webinar,Other,76.8,0.6,4,1,0,0.7,1
643,1-50,University Partnership,NGO/Nonprofit,71.0,4.9,3,0,1,3.5,0
644,1-50,Conference,Corporate Security,59.1,3.3,1,1,1,0.6,1
645,201-1000,University Partnership,Healthcare,23.4,22.4,3,1,0,1.5,1
646,1000+,Webinar,Other,23.4,0.6,3,0,1,1.3,0
647,1-50,Cold Outreach,Corporate Security,60.7,11.7,5,0,1,5.5,0
648,51-200,Webinar,Healthcare,23.1,76.6,3,0,0,0.7,0
649,201-1000,Cold Outreach,Other,45.5,3.4,5,0,0,2.2,0
650,1-50,Inbound Website,Higher Education,56.1,5.5,4,1,1,1.1,1
651,51-200,University Partnership,NGO/Nonprofit,27.2,6.8,2,0,1,1.6,0
652,1000+,Conference,Higher Education,29.5,24.2,3,0,1,1.6,0
653,201-1000,Webinar,Healthcare,48.1,27.1,0,0,0,1.9,1
654,1-50,Inbound Website,NGO/Nonprofit,60.1,5.3,3,0,1,1.3,1
655,1000+,Inbound Website,Healthcare,71.2,11.4,1,1,0,2.3,0
656,51-200,Conference,Corporate Security,62.1,10.8,2,1,1,1.0,0
657,1000+,University Partnership,Healthcare,51.5,4.3,3,1,1,0.2,1
658,1-50,University Partnership,Higher Education,35.1,4.8,0,0,0,3.4,0
659,51-200,University Partnership,Higher Education,28.6,55.1,0,0,0,0.5,0
660,51-200,University Partnership,Government,39.8,2.6,2,1,0,1.2,1
661,1-50,Webinar,Corporate Security,58.2,11.2,2,0,1,0.5,1
662,1000+,Conference,Corporate Security,56.7,2.8,0,1,0,6.3,1
663,1-50,Conference,Higher Education,8.0,17.4,1,0,1,10.1,0
664,1-50,Webinar,NGO/Nonprofit,34.3,28.0,1,0,0,5.4,1
665,51-200,Webinar,Government,74.1,14.3,7,0,0,2.3,0
666,201-1000,Conference,Corporate Security,51.6,7.8,1,1,0,0.4,1
667,201-1000,Conference,Corporate Security,21.7,25.6,2,0,1,6.5,0
668,1000+,University Partnership,Higher Education,97.1,7.0,4,1,0,0.5,1
669,1-50,Webinar,Healthcare,49.4,43.1,2,0,0,2.7,1
670,51-200,Inbound Website,Corporate Security,,7.5,3,0,0,1.1,0
671,1-50,Cold Outreach,Higher Education,58.0,6.2,6,1,1,0.2,1
672,51-200,Cold Outreach,Other,42.6,64.2,3,0,1,1.6,0
673,1000+,Conference,NGO/Nonprofit,35.4,67.2,1,0,0,1.1,0
674,201-1000,Conference,Healthcare,92.4,7.4,2,1,0,0.1,1
675,51-200,Conference,NGO/Nonprofit,70.1,62.7,1,1,0,1.4,1
676,51-200,Inbound Website,Other,66.4,66.3,5,0,0,2.4,0
677,1000+,University Partnership,Government,61.5,8.3,1,1,1,1.5,1
678,51-200,Cold Outreach,Healthcare,29.9,49.7,5,0,0,0.5,0
679,1-50,Webinar,Healthcare,75.6,157.0,4,0,0,1.8,0
680,51-200,Webinar,Government,33.1,0.5,3,0,1,1.2,0
681,1-50,Webinar,Higher Education,55.7,41.2,6,0,0,1.2,0
682,1-50,Webinar,Higher Education,17.2,0.5,5,0,0,3.2,1
683,1-50,Cold Outreach,Healthcare,9.2,54.9,2,0,0,0.9,0
684,51-200,Inbound Website,NGO/Nonprofit,56.4,4.1,1,1,0,0.7,1
685,201-1000,Cold Outreach,NGO/Nonprofit,33.8,40.6,2,0,1,1.4,0
686,51-200,Cold Outreach,Government,10.2,5.8,11,0,0,1.1,0
687,51-200,Referral,Higher Education,60.8,9.7,7,1,0,0.1,1
688,1000+,University Partnership,Corporate Security,92.4,8.9,3,1,0,1.0,1
689,201-1000,Conference,Corporate Security,77.8,10.3,2,0,1,5.4,1
690,51-200,Cold Outreach,Other,44.9,50.5,1,1,0,4.2,0
691,1-50,University Partnership,NGO/Nonprofit,50.2,12.1,4,1,0,7.5,0
692,1000+,Inbound Website,Other,67.8,15.0,1,0,0,2.3,0
693,1-50,Webinar,NGO/Nonprofit,72.4,1.4,7,0,0,7.0,0
694,51-200,Referral,Other,43.1,15.0,1,0,0,1.1,0
695,1000+,Cold Outreach,Corporate Security,50.7,7.0,5,1,0,2.0,1
696,51-200,University Partnership,Higher Education,56.0,9.6,1,0,1,5.0,0
697,201-1000,Inbound Website,Higher Education,61.1,29.7,3,0,0,2.9,1
698,51-200,University Partnership,Government,47.3,8.3,1,1,1,1.1,1
699,201-1000,Referral,Government,47.6,10.8,5,0,0,2.4,1
700,1-50,Referral,Higher Education,77.6,24.9,1,0,0,0.6,0
701,1-50,Webinar,Other,74.2,9.7,3,1,0,1.3,1
702,51-200,Referral,Higher Education,59.5,27.7,4,1,0,0.7,0
703,1-50,Inbound Website,Other,84.4,4.8,2,1,1,2.0,1
704,1000+,University Partnership,NGO/Nonprofit,42.3,2.0,2,0,1,0.7,1
705,1-50,Webinar,Healthcare,82.5,7.2,4,0,1,2.4,1
706,51-200,Cold Outreach,Healthcare,60.9,20.1,1,0,0,3.5,0
707,201-1000,Cold Outreach,Government,100.0,6.1,2,0,1,0.7,1
708,201-1000,Referral,Healthcare,26.2,122.3,3,0,0,3.5,0
709,51-200,Inbound Website,Higher Education,36.2,26.0,4,1,0,2.2,0
710,51-200,Conference,Other,58.4,10.4,2,1,0,3.0,0
711,1000+,Referral,Government,57.9,119.6,3,0,0,7.6,0
712,201-1000,University Partnership,Government,89.0,11.2,4,0,1,3.3,1
713,201-1000,Conference,Healthcare,36.6,0.5,1,0,1,1.7,0
714,1000+,Webinar,Healthcare,68.1,15.7,5,0,0,2.3,1
715,201-1000,University Partnership,Corporate Security,73.2,30.1,3,1,0,1.1,0
716,1-50,University Partnership,Healthcare,64.1,8.2,4,0,1,4.5,0
717,51-200,Inbound Website,Higher Education,30.8,2.7,3,1,1,1.8,1
718,1-50,Inbound Website,Healthcare,78.2,70.0,2,0,1,2.9,1
719,201-1000,Webinar,Government,74.6,13.2,1,0,0,14.0,0
720,1000+,Conference,Government,62.0,31.9,3,1,0,1.0,0
721,51-200,Cold Outreach,Higher Education,54.1,45.2,4,0,1,2.7,0
722,51-200,Cold Outreach,Government,54.5,20.6,2,0,0,3.1,0
723,1-50,Cold Outreach,Government,48.4,18.5,3,0,1,1.9,0
724,1000+,Cold Outreach,Corporate Security,62.8,16.4,2,0,1,2.6,1
725,1-50,University Partnership,Higher Education,50.6,69.3,5,0,1,4.0,0
726,1-50,Referral,Higher Education,33.0,9.4,1,0,0,7.0,1
727,1-50,Cold Outreach,Corporate Security,29.0,34.5,1,0,1,0.6,0
728,1-50,Inbound Website,Higher Education,35.0,19.5,0,0,1,1.2,0
729,51-200,Referral,Healthcare,54.4,2.8,7,0,0,0.1,1
730,51-200,Cold Outreach,Other,49.5,29.7,3,1,0,0.7,1
731,51-200,Webinar,Corporate Security,54.3,44.1,3,1,0,1.7,0
732,1-50,Webinar,Other,60.0,11.4,6,0,0,2.7,0
733,1-50,Inbound Website,Higher Education,37.5,24.2,3,0,1,2.2,0
734,51-200,Inbound Website,Higher Education,79.3,13.9,0,0,1,0.2,1
735,1-50,Inbound Website,Healthcare,44.6,0.6,2,0,0,0.1,0
736,201-1000,Referral,NGO/Nonprofit,41.3,11.5,1,0,0,4.8,0
737,1-50,Cold Outreach,NGO/Nonprofit,59.6,13.1,6,1,0,1.2,1
738,51-200,Webinar,Higher Education,13.3,169.1,6,0,0,1.0,0
739,51-200,University Partnership,NGO/Nonprofit,34.2,25.2,4,0,0,0.7,0
740,51-200,Referral,Government,69.6,5.2,1,1,1,0.8,1
741,1-50,University Partnership,Government,15.3,14.0,4,1,1,0.8,1
742,1-50,Cold Outreach,Higher Education,72.4,3.1,3,0,1,2.6,1
743,1000+,Cold Outreach,Other,80.2,52.0,1,0,1,0.9,0
744,1-50,University Partnership,Higher Education,42.6,52.7,3,1,0,2.3,0
745,51-200,Inbound Website,NGO/Nonprofit,55.8,38.4,3,0,1,1.1,1
746,51-200,Conference,Healthcare,72.4,8.6,2,1,0,2.3,1
747,51-200,University Partnership,Healthcare,40.7,1.3,5,1,0,2.8,1
748,51-200,Conference,Healthcare,67.4,10.5,5,0,0,3.8,1
749,201-1000,Referral,NGO/Nonprofit,36.6,54.8,4,0,0,6.2,1
750,201-1000,Conference,Higher Education,40.4,47.7,2,0,0,3.2,0
751,1-50,Conference,Higher Education,34.0,3.9,4,0,0,4.6,0
752,51-200,Referral,Corporate Security,56.9,24.8,0,0,0,0.4,0
753,1-50,Inbound Website,Government,73.2,13.9,3,1,1,0.8,1
754,51-200,Conference,Higher Education,46.3,25.4,1,1,0,0.2,0
755,201-1000,Conference,Higher Education,24.6,26.3,1,1,0,0.2,0
756,1-50,Conference,Government,28.3,2.3,5,1,1,2.0,1
757,51-200,Webinar,Higher Education,57.9,11.9,1,1,0,0.4,0
758,1000+,Referral,Higher Education,86.9,5.5,5,0,0,1.2,1
759,1-50,Inbound Website,Other,57.9,17.9,5,0,1,2.3,0
760,51-200,Webinar,Government,,3.8,5,0,0,2.2,0
761,201-1000,Webinar,Other,65.3,8.7,3,0,0,0.1,1
762,1-50,Cold Outreach,Other,45.2,10.9,7,0,0,0.1,0
763,1-50,Webinar,Higher Education,42.4,13.0,3,0,0,0.7,1
764,1-50,University Partnership,Healthcare,30.8,38.7,2,0,1,5.8,1
765,1000+,Inbound Website,Healthcare,78.2,0.5,2,0,0,0.1,0
766,1-50,Referral,Healthcare,0.0,53.8,4,1,1,0.2,0
767,1-50,Inbound Website,Higher Education,66.0,17.5,4,0,1,1.1,0
768,1-50,Inbound Website,Higher Education,40.7,22.9,3,0,1,0.5,0
769,1-50,Cold Outreach,Higher Education,41.8,3.2,1,0,0,0.6,0
770,201-1000,Webinar,Healthcare,83.8,21.8,5,0,0,1.2,1
771,1-50,Cold Outreach,Other,35.7,12.1,1,0,1,7.1,0
772,51-200,Conference,Healthcare,36.4,3.5,4,0,1,2.5,0
773,51-200,Inbound Website,Healthcare,47.4,23.3,3,0,0,0.1,0
774,201-1000,Cold Outreach,Other,58.3,3.6,1,1,0,1.0,1
775,1-50,University Partnership,Healthcare,41.2,3.8,2,0,1,1.8,0
776,1000+,University Partnership,Higher Education,18.5,88.0,4,1,0,0.7,0
777,201-1000,Cold Outreach,NGO/Nonprofit,32.7,17.4,1,1,0,5.8,0
778,1-50,Conference,Government,75.6,39.4,1,0,1,2.4,0
779,201-1000,Inbound Website,Higher Education,51.5,1.7,8,0,0,0.4,0
780,1000+,University Partnership,Corporate Security,59.0,12.3,2,0,0,0.1,1
781,1-50,Conference,Other,44.8,2.9,2,1,1,0.9,0
782,1000+,Cold Outreach,Government,36.8,4.9,2,1,1,3.3,0
783,51-200,Conference,Corporate Security,83.6,35.1,3,1,0,1.8,1
784,201-1000,University Partnership,Higher Education,46.2,11.5,0,1,1,0.3,1
785,1000+,Webinar,Higher Education,41.1,130.0,4,0,0,5.7,0
786,51-200,Conference,Higher Education,71.9,2.2,2,1,0,0.1,1
787,201-1000,University Partnership,Healthcare,,12.6,1,0,1,1.6,0
788,51-200,Inbound Website,NGO/Nonprofit,38.1,7.5,6,0,0,1.8,0
789,201-1000,Conference,Higher Education,50.2,6.7,2,0,0,5.9,0
790,201-1000,University Partnership,Government,50.0,5.9,5,1,1,0.6,1
791,1-50,Referral,Higher Education,55.2,22.0,4,0,0,2.0,1
792,51-200,Inbound Website,Higher Education,91.8,6.0,5,0,0,0.7,1
793,51-200,Cold Outreach,Corporate Security,56.7,25.1,0,0,1,1.7,0
794,1-50,Referral,Healthcare,2.4,12.0,3,1,0,0.1,1
795,1-50,Cold Outreach,Healthcare,56.5,23.5,3,0,1,2.1,0
796,51-200,Inbound Website,Government,50.8,4.9,4,0,0,0.1,1
797,1-50,University Partnership,Corporate Security,,57.9,5,0,0,1.1,1
798,1-50,Cold Outreach,Higher Education,54.9,38.5,4,0,1,0.4,0
799,201-1000,Inbound Website,Higher Education,49.4,19.7,3,1,0,3.6,0
800,201-1000,Webinar,Other,48.9,42.0,4,1,1,0.4,0
801,201-1000,Inbound Website,NGO/Nonprofit,62.3,18.2,1,1,1,0.6,1
802,51-200,Cold Outreach,Other,39.2,0.5,5,1,1,1.7,0
803,1000+,Conference,Other,31.0,17.3,2,0,0,1.6,0
804,51-200,Inbound Website,Healthcare,100.0,11.9,2,0,0,1.8,1
805,1-50,Referral,Other,35.7,11.2,3,0,1,0.5,1
806,1-50,Conference,Corporate Security,52.0,29.4,2,1,0,3.0,0
807,201-1000,Cold Outreach,Higher Education,20.1,3.9,3,0,1,3.3,0
808,1-50,Referral,Higher Education,,62.5,3,1,1,1.1,1
809,51-200,University Partnership,Higher Education,31.3,29.0,5,0,0,1.7,0
810,1000+,Inbound Website,Higher Education,41.2,16.2,3,0,0,5.3,1
811,1-50,Referral,Government,70.9,9.8,4,0,1,2.0,1
812,1-50,University Partnership,Healthcare,59.4,53.9,2,1,0,1.3,1
813,1000+,Referral,NGO/Nonprofit,61.4,8.4,4,1,0,0.8,1
814,51-200,Cold Outreach,Corporate Security,14.6,101.4,1,0,0,2.0,0
815,1-50,Cold Outreach,Higher Education,86.7,21.8,1,1,1,1.9,0
816,1000+,Webinar,Healthcare,26.2,67.4,5,1,0,5.2,0
817,1000+,University Partnership,Government,80.6,7.8,2,0,0,0.3,1
818,51-200,Referral,Higher Education,70.4,70.1,0,1,1,0.6,1
819,201-1000,Webinar,Government,61.5,44.7,4,0,1,0.8,0
820,1-50,Cold Outreach,Government,32.9,3.8,2,0,1,0.1,1
821,1-50,Inbound Website,Government,53.0,40.6,5,0,0,6.4,0
822,51-200,Referral,NGO/Nonprofit,40.6,25.3,3,0,1,4.0,0
823,1-50,Referral,NGO/Nonprofit,50.6,0.7,3,0,1,4.4,0
824,201-1000,University Partnership,Healthcare,45.0,61.7,7,0,1,2.2,1
825,201-1000,Cold Outreach,Higher Education,9.2,4.9,5,0,0,2.0,0
826,1-50,Cold Outreach,NGO/Nonprofit,72.4,1.5,2,1,0,2.7,0
827,51-200,Inbound Website,Healthcare,48.4,1.7,4,0,0,1.0,0
828,1-50,Cold Outreach,Higher Education,40.3,3.2,3,0,0,0.5,0
829,1000+,Webinar,Healthcare,38.8,41.3,4,0,0,2.1,0
830,1-50,Webinar,Corporate Security,57.2,22.4,7,0,1,1.8,1
831,201-1000,Referral,Corporate Security,32.1,22.2,4,1,0,4.9,0
832,51-200,Webinar,Higher Education,4.9,0.5,4,1,1,0.7,1
833,51-200,Cold Outreach,Corporate Security,58.1,16.2,7,0,0,0.2,0
834,201-1000,Cold Outreach,Higher Education,60.4,34.1,0,1,1,4.9,0
835,201-1000,Referral,Higher Education,46.0,12.6,4,0,0,1.0,1
836,51-200,Inbound Website,Higher Education,27.0,6.1,4,1,1,3.2,1
837,201-1000,Conference,Other,51.8,11.0,4,0,0,1.8,1
838,1000+,Referral,Government,20.7,30.5,3,0,1,1.3,1
839,51-200,Webinar,Government,29.5,2.0,4,0,0,1.1,0
840,51-200,Inbound Website,Government,35.0,3.3,3,0,0,7.7,1
841,1-50,University Partnership,NGO/Nonprofit,66.9,4.5,5,0,1,3.5,0
842,201-1000,Inbound Website,Corporate Security,42.7,2.5,1,0,0,2.7,1
843,51-200,Webinar,Other,41.0,27.8,3,0,1,0.8,1
844,51-200,Conference,Government,89.1,1.3,1,1,0,1.3,0
845,1-50,Conference,Higher Education,57.0,12.7,2,1,0,1.0,0
846,1000+,Referral,Corporate Security,56.8,16.6,4,0,0,7.3,1
847,51-200,Cold Outreach,Government,42.6,17.8,0,1,0,6.4,1
848,201-1000,Webinar,NGO/Nonprofit,38.1,4.1,1,0,0,2.1,0
849,1-50,Referral,NGO/Nonprofit,6.3,26.6,6,1,0,5.9,0
850,1000+,Cold Outreach,Corporate Security,69.4,66.9,5,0,1,0.7,0
851,1-50,Conference,Other,59.0,37.3,6,1,1,2.5,0
852,1-50,Referral,Corporate Security,46.4,86.1,1,1,0,2.4,0
853,1000+,Cold Outreach,Government,47.3,78.0,2,1,0,1.5,0
854,1000+,Inbound Website,Corporate Security,64.7,2.6,4,1,0,0.8,1
855,1-50,Cold Outreach,Higher Education,18.9,13.0,3,0,1,4.1,0
856,51-200,Cold Outreach,NGO/Nonprofit,38.2,54.6,1,1,0,3.6,0
857,201-1000,Conference,Higher Education,27.3,1.5,3,0,1,1.1,0
858,1000+,Cold Outreach,Government,85.4,6.5,4,0,0,0.4,1
859,51-200,Referral,Corporate Security,67.5,6.1,2,1,1,0.9,1
860,51-200,Referral,Higher Education,5.9,1.8,1,0,1,4.1,0
861,201-1000,Conference,Higher Education,19.7,32.0,2,0,0,2.8,0
862,201-1000,University Partnership,Healthcare,47.4,31.1,5,1,0,0.7,1
863,201-1000,Webinar,Higher Education,40.6,38.1,4,0,0,2.3,1
864,51-200,Referral,Corporate Security,23.5,15.5,3,0,0,0.2,1
865,1-50,Cold Outreach,Government,88.9,14.7,4,0,0,2.5,1
866,1000+,Conference,Higher Education,56.3,67.0,3,1,1,1.0,1
867,1000+,Webinar,Higher Education,59.5,2.0,2,1,0,2.5,1
868,201-1000,Conference,NGO/Nonprofit,36.2,20.4,0,0,0,2.3,0
869,1-50,University Partnership,Other,64.4,18.4,5,0,0,0.3,0
870,1-50,Webinar,Higher Education,42.4,74.5,1,0,0,2.9,0
871,201-1000,Conference,Other,44.3,68.0,4,1,1,1.4,0
872,1-50,Cold Outreach,Corporate Security,62.2,8.6,3,1,0,8.5,0
873,1000+,University Partnership,Healthcare,17.4,80.7,1,1,0,2.2,1
874,51-200,Conference,Healthcare,81.9,16.3,3,0,0,1.5,1
875,201-1000,Cold Outreach,Healthcare,53.6,31.3,2,0,1,0.7,0
876,1000+,Webinar,NGO/Nonprofit,75.6,64.1,4,0,1,1.6,0
877,51-200,Conference,Corporate Security,28.5,22.7,3,0,0,0.5,0
878,51-200,University Partnership,Corporate Security,31.5,25.9,3,0,1,2.2,0
879,201-1000,Cold Outreach,Government,26.8,74.3,2,0,1,3.1,0
880,51-200,Referral,Higher Education,55.0,18.0,3,0,1,2.2,1
881,51-200,Cold Outreach,Healthcare,51.3,39.0,2,1,0,4.4,0
882,201-1000,University Partnership,Higher Education,40.7,46.5,7,0,1,0.2,1
883,1000+,Inbound Website,Government,29.7,5.1,1,0,0,0.4,0
884,51-200,University Partnership,Higher Education,24.7,6.4,1,1,0,4.6,0
885,1-50,Inbound Website,Higher Education,49.0,15.5,1,0,0,0.1,0
886,51-200,University Partnership,Healthcare,40.7,27.6,5,0,0,0.4,0
887,51-200,Cold Outreach,Healthcare,36.3,40.9,4,0,0,2.7,0
888,1-50,Cold Outreach,Corporate Security,80.9,1.3,4,0,0,1.7,0
889,1-50,Inbound Website,Higher Education,48.4,44.4,0,0,1,0.2,0
890,201-1000,Cold Outreach,Corporate Security,,42.1,5,0,1,0.1,0
891,51-200,Cold Outreach,Government,39.3,33.0,3,0,0,0.5,0
892,1000+,Conference,Healthcare,54.9,5.6,2,0,0,0.6,1
893,1-50,Webinar,Corporate Security,48.9,51.6,4,0,1,3.6,0
894,1-50,University Partnership,Corporate Security,,1.1,3,0,0,2.1,0
895,201-1000,Conference,Corporate Security,78.6,1.2,4,0,0,1.6,1
896,1000+,Cold Outreach,Other,47.3,8.8,2,1,1,0.1,0
897,1-50,Referral,NGO/Nonprofit,64.9,2.9,8,0,0,0.9,1
898,1-50,Cold Outreach,Corporate Security,35.0,0.9,2,0,0,2.2,0
899,1-50,Referral,Corporate Security,46.7,23.8,3,0,1,3.3,0
900,51-200,University Partnership,Higher Education,32.7,48.1,2,1,1,1.9,1
901,51-200,Inbound Website,Other,74.7,44.9,0,0,0,1.1,0
902,1-50,Referral,Government,56.2,29.2,3,0,1,4.8,1
903,1-50,Inbound Website,Government,57.3,5.2,3,0,1,0.1,1
904,51-200,Conference,Other,77.2,4.5,3,0,0,2.1,1
905,1000+,Webinar,Healthcare,73.1,81.1,1,1,1,1.8,0
906,201-1000,Inbound Website,Higher Education,65.3,3.9,1,0,0,1.5,0
907,51-200,Inbound Website,Higher Education,21.6,124.3,3,1,0,1.0,0
908,1-50,Conference,Higher Education,36.1,65.8,8,0,0,1.3,0
909,1-50,Cold Outreach,Corporate Security,29.9,15.2,2,1,0,1.0,0
910,1-50,University Partnership,Higher Education,64.6,15.2,1,0,0,0.8,0
911,201-1000,Webinar,Other,53.4,6.3,6,1,1,1.1,0
912,1000+,Webinar,Other,22.2,16.2,3,1,0,3.6,0
913,1000+,University Partnership,Corporate Security,46.2,2.6,3,0,1,1.0,0
914,1000+,Webinar,Healthcare,20.1,16.9,1,0,0,1.8,0
915,1000+,Referral,Government,48.9,51.7,3,0,1,0.8,1
916,1000+,Conference,Higher Education,16.9,15.6,7,0,0,0.1,0
917,1-50,University Partnership,Healthcare,60.6,3.7,3,1,0,0.6,1
918,1-50,Referral,Higher Education,57.6,10.4,0,0,1,0.2,1
919,51-200,Referral,Higher Education,88.2,30.9,4,1,1,0.9,1
920,51-200,University Partnership,Government,67.0,7.8,2,1,0,0.2,1
921,1-50,University Partnership,Higher Education,41.5,14.5,4,1,0,1.9,0
922,201-1000,Referral,Corporate Security,66.4,6.5,2,1,0,1.9,1
923,201-1000,University Partnership,Healthcare,22.0,11.5,5,0,0,1.0,0
924,51-200,University Partnership,NGO/Nonprofit,30.8,4.6,3,0,0,0.1,0
925,1-50,Cold Outreach,Healthcare,56.7,65.0,3,0,1,3.4,0
926,1-50,Cold Outreach,NGO/Nonprofit,6.8,22.1,3,1,0,2.5,0
927,1-50,Cold Outreach,Corporate Security,49.3,15.0,2,1,0,0.9,0
928,1000+,Cold Outreach,NGO/Nonprofit,29.6,93.6,1,0,1,5.0,0
929,51-200,Referral,Corporate Security,52.0,49.3,0,1,1,0.1,0
930,201-1000,Referral,Higher Education,28.4,2.9,2,1,0,0.9,1
931,1-50,University Partnership,Other,58.5,40.3,1,0,0,0.8,0
932,51-200,Inbound Website,Government,50.4,27.2,1,1,0,0.1,1
933,51-200,Conference,Higher Education,78.0,42.6,5,0,1,1.5,0
934,201-1000,Conference,Higher Education,50.1,10.0,1,0,0,2.2,0
935,201-1000,Webinar,Government,34.6,15.2,4,0,0,3.7,1
936,1-50,Webinar,Government,45.1,41.2,2,0,0,2.9,1
937,1000+,Cold Outreach,Corporate Security,23.1,36.7,0,1,1,1.4,0
938,1-50,Inbound Website,NGO/Nonprofit,58.1,19.9,6,0,0,0.4,0
939,1000+,Inbound Website,Government,61.8,37.7,0,1,1,0.2,0
940,1-50,Inbound Website,Corporate Security,99.4,2.3,5,1,0,3.3,1
941,1-50,Conference,Government,37.6,26.7,3,1,0,3.8,1
942,201-1000,Cold Outreach,NGO/Nonprofit,44.6,0.5,4,0,0,2.8,0
943,1-50,Inbound Website,Higher Education,38.5,1.9,1,0,0,5.4,0
944,51-200,Inbound Website,Higher Education,54.2,1.1,4,0,0,5.2,0
945,51-200,Cold Outreach,Corporate Security,57.6,65.6,1,0,0,3.4,0
946,1-50,Conference,Healthcare,48.9,44.1,3,0,0,2.9,0
947,201-1000,Referral,NGO/Nonprofit,71.7,25.0,1,0,0,4.5,0
948,1000+,Conference,Corporate Security,37.7,18.5,4,0,0,1.5,0
949,1000+,Inbound Website,NGO/Nonprofit,69.7,3.7,1,0,0,0.7,1
950,51-200,Referral,Government,60.8,3.1,2,0,0,0.7,1
951,51-200,Inbound Website,Higher Education,49.8,28.8,0,0,0,3.0,0
952,1-50,Referral,Higher Education,43.7,41.4,3,1,1,3.1,1
953,1-50,Inbound Website,Higher Education,98.5,39.7,3,0,1,1.0,1
954,1-50,Inbound Website,Government,33.7,84.1,3,1,1,0.5,1
955,1000+,Webinar,Corporate Security,56.0,15.3,2,0,0,4.5,1
956,1000+,Conference,Government,35.0,4.0,3,0,1,5.0,0
957,201-1000,Referral,Corporate Security,85.7,3.1,2,1,1,1.1,1
958,51-200,University Partnership,Corporate Security,67.7,4.7,3,1,0,1.0,1
959,51-200,Cold Outreach,Healthcare,36.4,79.7,7,0,0,1.3,0
960,51-200,Referral,Healthcare,60.3,2.7,3,0,1,0.2,1
961,51-200,Cold Outreach,Government,55.2,19.1,5,0,1,3.0,0
962,51-200,University Partnership,Government,39.7,71.0,3,0,1,0.5,0
963,1-50,Cold Outreach,Corporate Security,65.2,15.3,3,1,1,2.6,0
964,1-50,Cold Outreach,Corporate Security,57.8,3.1,4,0,1,1.1,0
965,1000+,Conference,Government,54.3,28.5,3,0,1,3.0,1
966,51-200,University Partnership,Government,49.2,4.0,2,0,0,0.9,1
967,1000+,Conference,Healthcare,58.6,51.1,4,0,0,1.2,0
968,1-50,Cold Outreach,Healthcare,54.6,1.5,3,0,1,2.2,0
969,51-200,Cold Outreach,Higher Education,51.2,17.4,4,0,0,0.2,0
970,1-50,Webinar,Corporate Security,37.2,32.6,0,1,0,2.1,0
971,1-50,Cold Outreach,NGO/Nonprofit,83.9,4.0,4,0,0,0.2,0
972,1-50,University Partnership,Higher Education,29.0,1.0,6,0,0,1.1,0
973,1-50,Webinar,NGO/Nonprofit,58.6,16.4,3,0,0,2.6,0
974,1000+,University Partnership,Higher Education,43.6,11.7,2,0,0,1.7,0
975,51-200,Cold Outreach,Corporate Security,85.2,7.0,0,0,0,1.3,0
976,201-1000,Webinar,Corporate Security,31.9,26.5,2,0,0,1.2,0
977,51-200,Cold Outreach,Higher Education,35.3,30.1,2,1,0,1.6,0
978,51-200,Inbound Website,Other,30.6,64.5,3,1,1,2.0,0
979,51-200,University Partnership,Corporate Security,56.5,99.5,3,1,0,0.4,1
980,1-50,Conference,Other,22.5,15.1,1,1,1,3.4,0
981,1000+,Inbound Website,Government,40.4,1.4,7,0,0,2.5,1
982,201-1000,Conference,NGO/Nonprofit,7.0,6.1,2,0,0,1.4,0
983,201-1000,Inbound Website,Other,54.8,0.8,2,0,1,0.1,0
984,51-200,Referral,Corporate Security,40.0,13.0,2,1,1,0.6,1
985,1-50,Webinar,Higher Education,20.2,2.4,4,0,0,6.0,0
986,1000+,University Partnership,Healthcare,,63.5,1,0,1,1.3,1
987,51-200,Inbound Website,Corporate Security,23.8,1.5,3,0,1,4.2,1
988,1-50,Webinar,Other,65.9,37.0,2,0,0,0.7,0
989,51-200,University Partnership,Corporate Security,36.0,6.1,2,1,0,2.0,0
990,201-1000,Conference,Government,82.0,10.4,4,0,0,1.1,1
991,201-1000,Referral,Higher Education,65.0,38.8,3,0,0,1.4,1
992,201-1000,Webinar,Healthcare,29.8,0.7,2,0,1,3.3,1
993,201-1000,Inbound Website,Other,31.7,4.2,5,1,0,2.5,0
994,1-50,Referral,Higher Education,62.1,15.0,6,0,1,1.4,0
995,1000+,Webinar,Healthcare,44.8,23.3,4,0,1,9.5,0
996,51-200,Inbound Website,Other,46.6,15.3,4,0,1,1.8,0
997,201-1000,Referral,Higher Education,75.4,17.6,0,0,0,1.1,1
998,1-50,Webinar,Higher Education,35.0,28.5,3,1,0,5.4,1
999,1000+,University Partnership,Healthcare,,0.9,0,0,0,1.7,0
1000,1-50,Inbound Website,Healthcare,69.1,9.6,6,1,1,0.8,0
1001,1-50,Referral,Higher Education,66.2,14.5,4,0,0,6.1,1
1002,51-200,Conference,NGO/Nonprofit,46.8,27.2,3,0,1,0.7,0
1003,1-50,Conference,Corporate Security,44.2,14.5,4,1,0,0.7,0
1004,1-50,University Partnership,Other,15.2,12.1,4,0,0,0.7,1
1005,201-1000,Cold Outreach,NGO/Nonprofit,28.9,7.9,5,1,1,0.1,0
1006,51-200,Webinar,NGO/Nonprofit,56.4,18.2,2,0,1,0.3,0
1007,1000+,Inbound Website,Corporate Security,47.2,4.7,4,0,0,0.3,0
1008,51-200,Cold Outreach,Government,51.5,1.9,2,0,1,0.2,0
1009,201-1000,University Partnership,Corporate Security,70.8,53.1,6,0,0,1.2,1
1010,51-200,Referral,Higher Education,26.3,23.1,4,1,1,2.9,0
1011,201-1000,Conference,Healthcare,45.3,2.4,2,0,0,0.3,0
1012,51-200,Cold Outreach,Higher Education,53.8,0.6,4,0,0,0.6,0
1013,51-200,Conference,Corporate Security,35.9,24.2,1,0,0,4.9,0
1014,1000+,Cold Outreach,Higher Education,78.6,37.6,1,0,0,1.1,1
1015,51-200,Conference,Government,68.2,17.6,1,0,1,0.2,0
1016,1-50,Referral,Higher Education,55.8,0.9,0,1,0,1.0,0
1017,201-1000,Referral,Healthcare,85.9,4.9,2,0,0,5.9,1
1018,201-1000,Conference,NGO/Nonprofit,20.0,1.4,2,0,0,1.7,0
1019,1-50,Conference,Higher Education,49.8,33.8,4,0,0,0.1,0
1020,51-200,Cold Outreach,NGO/Nonprofit,57.3,3.9,1,0,1,9.2,0
1021,1000+,Cold Outreach,NGO/Nonprofit,31.7,43.6,0,0,0,5.8,0
1022,201-1000,Cold Outreach,Government,56.0,32.1,2,1,1,3.5,1
1023,1000+,Cold Outreach,Healthcare,27.9,14.2,2,0,1,0.1,0
1024,51-200,University Partnership,Corporate Security,63.8,13.8,1,1,0,2.0,1
1025,201-1000,Conference,Higher Education,71.2,2.5,3,0,1,10.0,1
1026,51-200,University Partnership,Corporate Security,55.4,6.9,2,0,0,0.1,0
1027,1000+,Inbound Website,Higher Education,12.9,2.6,4,1,0,5.8,0
1028,51-200,Referral,NGO/Nonprofit,30.7,42.3,3,1,0,3.1,0
1029,201-1000,Referral,Other,61.3,15.9,5,1,0,0.8,1
1030,51-200,Inbound Website,NGO/Nonprofit,50.4,2.1,3,0,0,3.5,0
1031,51-200,Cold Outreach,Corporate Security,0.0,41.6,2,1,0,0.1,0
1032,201-1000,Inbound Website,Corporate Security,74.9,1.6,4,1,1,0.7,1
1033,51-200,Referral,Other,52.7,6.0,0,1,0,0.1,1
1034,1000+,Conference,Higher Education,33.6,43.8,0,1,1,0.9,0
1035,51-200,Inbound Website,Higher Education,69.9,22.7,2,1,0,2.3,1
1036,201-1000,Conference,Corporate Security,36.4,18.3,3,0,1,4.0,0
1037,51-200,Referral,Government,36.2,48.7,2,1,0,4.9,1
1038,51-200,Cold Outreach,Government,57.2,4.3,3,1,0,3.2,0
1039,51-200,Cold Outreach,Higher Education,85.6,8.1,6,1,0,5.3,1
1040,1-50,Webinar,Corporate Security,82.5,12.0,2,1,1,5.3,0
1041,1-50,University Partnership,Government,57.2,43.7,1,0,1,1.7,0
1042,201-1000,Referral,Higher Education,59.2,3.2,1,0,0,0.7,1
1043,201-1000,Cold Outreach,Higher Education,65.8,37.7,4,0,1,8.6,0
1044,201-1000,University Partnership,Government,24.9,0.7,1,1,1,0.3,1
1045,1-50,Cold Outreach,NGO/Nonprofit,62.9,7.0,7,1,0,1.1,0
1046,51-200,University Partnership,Government,35.3,6.1,1,1,0,1.4,0
1047,1-50,University Partnership,Healthcare,56.4,14.9,3,1,1,1.6,0
1048,201-1000,Webinar,NGO/Nonprofit,45.5,13.5,3,0,1,1.2,0
1049,1000+,Cold Outreach,Government,60.0,95.1,2,0,0,4.2,0
1050,1-50,Cold Outreach,NGO/Nonprofit,52.4,11.7,0,0,0,1.5,0
1051,201-1000,Webinar,Healthcare,0.0,24.0,2,1,0,2.9,0
1052,1-50,Inbound Website,Corporate Security,,0.8,1,0,1,0.3,1
1053,1-50,Cold Outreach,Higher Education,62.8,34.7,1,1,0,9.2,0
1054,1-50,Webinar,Higher Education,58.9,13.1,6,1,0,1.0,1
1055,1-50,Conference,Other,47.9,11.2,6,0,0,0.3,0
1056,201-1000,Webinar,NGO/Nonprofit,82.8,3.5,2,1,1,1.9,0
1057,1000+,Conference,Other,56.2,68.0,3,0,1,1.0,0
1058,1-50,Inbound Website,Other,58.8,23.7,4,0,0,4.1,0
1059,51-200,Referral,Higher Education,70.9,7.5,2,0,0,1.1,1
1060,201-1000,Cold Outreach,NGO/Nonprofit,57.3,0.8,0,0,1,0.2,0
1061,1000+,Inbound Website,Corporate Security,32.0,42.5,5,0,0,6.6,0
1062,201-1000,Conference,NGO/Nonprofit,1.2,23.0,4,0,0,0.6,1
1063,1-50,Cold Outreach,Higher Education,40.5,12.8,4,0,1,0.9,0
1064,201-1000,Referral,Government,65.2,7.4,5,0,0,1.4,1
1065,51-200,Webinar,NGO/Nonprofit,42.9,31.0,6,0,0,0.9,1
1066,1000+,Referral,NGO/Nonprofit,66.0,36.0,2,0,0,0.7,1
1067,51-200,Inbound Website,Healthcare,53.0,12.5,6,1,1,0.5,1
1068,201-1000,Webinar,Government,75.8,19.7,4,0,1,0.5,0
1069,1-50,Inbound Website,Government,44.1,79.5,2,0,0,1.5,0
1070,51-200,Conference,Other,59.4,106.8,1,1,1,3.3,0
1071,1000+,Webinar,Corporate Security,60.1,49.0,5,1,1,0.5,1
1072,201-1000,Webinar,Corporate Security,80.0,15.8,4,1,1,1.1,1
1073,51-200,Inbound Website,Corporate Security,15.9,2.9,3,1,0,1.7,1
1074,1000+,Inbound Website,Corporate Security,40.8,42.0,5,0,0,4.7,0
1075,1000+,Conference,Corporate Security,67.0,0.8,4,1,1,0.7,1
1076,51-200,Referral,Corporate Security,80.9,9.1,5,0,0,4.4,1
1077,51-200,Webinar,NGO/Nonprofit,54.8,1.0,4,0,0,1.9,1
1078,51-200,University Partnership,Other,44.1,26.6,3,0,0,2.2,0
1079,201-1000,Conference,Other,,10.6,2,1,1,2.3,0
1080,51-200,Webinar,Corporate Security,67.4,19.1,1,0,0,4.7,0
1081,1-50,Cold Outreach,Corporate Security,42.8,14.2,4,0,0,1.0,0
1082,1000+,University Partnership,Healthcare,56.6,20.0,0,0,1,0.1,1
1083,1000+,Cold Outreach,NGO/Nonprofit,73.6,3.0,2,1,0,0.1,1
1084,201-1000,Inbound Website,Corporate Security,87.8,2.4,5,0,0,5.0,1
1085,1000+,University Partnership,Healthcare,64.9,28.0,4,0,0,0.1,0
1086,201-1000,Referral,Healthcare,50.9,13.3,2,0,0,1.0,1
1087,201-1000,Conference,Healthcare,48.9,13.7,4,1,1,11.1,1
1088,201-1000,Inbound Website,Healthcare,61.1,1.7,3,0,0,3.0,0
1089,51-200,University Partnership,Higher Education,47.7,22.2,4,1,1,2.3,0
1090,51-200,University Partnership,Corporate Security,53.8,19.6,0,0,0,0.9,1
1091,1-50,Conference,Corporate Security,28.8,0.6,2,0,0,1.9,0
1092,201-1000,Inbound Website,Higher Education,75.9,2.4,2,0,0,1.7,0
1093,1-50,Webinar,NGO/Nonprofit,27.2,18.5,0,0,0,3.4,1
1094,1-50,Cold Outreach,Healthcare,41.4,1.7,2,0,0,2.8,0
1095,51-200,University Partnership,Higher Education,52.0,7.2,3,0,0,0.7,0
1096,51-200,Referral,NGO/Nonprofit,89.8,3.3,2,1,1,1.1,1
1097,1-50,Inbound Website,Healthcare,41.5,16.2,1,0,0,0.3,1
1098,201-1000,Referral,NGO/Nonprofit,36.7,17.0,3,0,1,0.2,1
1099,1000+,Referral,Government,39.0,20.6,5,0,0,3.4,0
1100,1-50,Inbound Website,NGO/Nonprofit,83.2,32.3,4,0,0,1.6,0
1101,1-50,Conference,Corporate Security,0.0,11.6,2,0,0,1.6,0
1102,51-200,Inbound Website,Corporate Security,29.9,1.0,4,0,0,3.9,0
1103,201-1000,Cold Outreach,Higher Education,100.0,46.9,3,0,0,3.2,1
1104,201-1000,Cold Outreach,Healthcare,61.8,20.5,4,0,0,1.7,0
1105,1-50,Cold Outreach,Healthcare,27.9,11.4,4,1,0,0.2,0
1106,201-1000,Cold Outreach,Corporate Security,49.2,20.4,2,1,1,0.2,0
1107,1-50,Webinar,Corporate Security,51.3,6.0,4,1,0,0.7,1
1108,51-200,Cold Outreach,NGO/Nonprofit,66.9,10.3,2,0,1,1.5,0
1109,1000+,Webinar,Healthcare,86.8,28.8,2,1,0,4.8,0
1110,1-50,Conference,Government,57.8,24.1,4,0,0,3.3,1
1111,1-50,Conference,Other,39.2,67.9,2,0,0,3.4,0
1112,51-200,Referral,Healthcare,65.7,8.3,3,1,0,0.3,1
1113,201-1000,Cold Outreach,Other,36.0,20.4,6,0,1,0.1,1
1114,1000+,University Partnership,Other,29.3,16.5,1,0,1,1.9,0
1115,1000+,Cold Outreach,Other,14.8,1.2,4,1,0,4.1,0
1116,1-50,University Partnership,NGO/Nonprofit,18.7,7.0,0,0,0,0.7,0
1117,1-50,University Partnership,Healthcare,32.1,71.5,4,0,1,1.0,0
1118,201-1000,Inbound Website,Higher Education,26.4,12.3,2,0,0,2.9,0
1119,1-50,Cold Outreach,Corporate Security,56.3,2.6,5,0,0,6.1,0
1120,1000+,Conference,NGO/Nonprofit,26.0,15.3,5,1,0,0.4,1
1121,201-1000,Referral,Corporate Security,0.0,32.3,2,0,0,12.7,0
1122,1-50,Referral,NGO/Nonprofit,29.1,48.4,2,0,0,0.4,0
1123,201-1000,Cold Outreach,Higher Education,40.6,25.1,6,0,0,0.9,1
1124,1-50,Referral,Government,,7.8,2,1,1,2.3,0
1125,51-200,University Partnership,Corporate Security,80.4,27.0,6,1,0,1.4,1
1126,51-200,Conference,Corporate Security,37.7,24.5,1,0,1,0.7,0
1127,51-200,University Partnership,Higher Education,67.6,61.4,3,1,1,1.4,1
1128,201-1000,University Partnership,Higher Education,49.6,24.2,5,0,0,0.7,1
1129,201-1000,Webinar,NGO/Nonprofit,49.2,16.3,2,1,0,1.4,1
1130,1000+,Cold Outreach,Corporate Security,33.3,4.8,5,0,0,4.3,0
1131,1000+,Webinar,Higher Education,48.8,18.3,5,0,1,2.2,0
1132,51-200,Cold Outreach,Higher Education,34.7,7.4,2,0,0,2.1,0
1133,1-50,Inbound Website,Corporate Security,,3.3,4,1,1,0.6,0
1134,201-1000,Referral,Higher Education,45.3,55.6,3,1,0,5.4,1
1135,1000+,Cold Outreach,Healthcare,31.1,11.0,5,0,1,6.4,1
1136,51-200,Inbound Website,NGO/Nonprofit,69.8,38.8,1,0,0,1.4,1
1137,51-200,Conference,Higher Education,58.5,36.1,6,0,0,0.9,0
1138,51-200,Cold Outreach,Corporate Security,41.0,11.0,5,0,1,1.1,0
1139,1-50,Webinar,Higher Education,52.9,9.5,3,0,1,5.0,1
1140,201-1000,Referral,Government,,28.2,5,0,0,1.1,1
1141,51-200,University Partnership,NGO/Nonprofit,32.6,0.5,4,1,0,0.1,1
1142,201-1000,Referral,Corporate Security,51.4,31.0,2,0,0,0.2,0
1143,201-1000,Inbound Website,NGO/Nonprofit,37.6,6.7,1,1,1,0.1,1
1144,201-1000,University Partnership,Higher Education,31.1,4.8,3,0,0,1.9,0
1145,51-200,Inbound Website,Government,17.5,5.9,8,0,0,3.9,1
1146,51-200,Referral,Corporate Security,42.8,44.2,3,0,1,0.9,0
1147,201-1000,Conference,Corporate Security,61.3,53.0,4,0,0,1.7,0
1148,201-1000,Inbound Website,Other,36.1,11.0,3,0,0,0.1,0
1149,51-200,Referral,Higher Education,100.0,25.3,2,1,1,2.0,1
1150,1000+,Referral,NGO/Nonprofit,67.7,131.7,5,0,1,5.7,0
1151,1-50,Referral,NGO/Nonprofit,76.1,4.2,0,0,1,3.1,1
1152,1000+,Conference,Corporate Security,65.9,18.7,1,1,0,5.5,1
1153,1-50,University Partnership,Government,87.1,5.1,2,0,0,1.0,1
1154,1-50,Webinar,Corporate Security,34.3,64.9,5,0,1,1.2,0
1155,51-200,Cold Outreach,Government,0.0,1.6,6,1,0,2.2,0
1156,1-50,Inbound Website,NGO/Nonprofit,41.1,1.4,6,0,0,0.4,0
1157,1-50,Cold Outreach,Corporate Security,61.2,11.8,2,0,0,6.6,0
1158,1-50,Webinar,Other,53.0,2.5,6,1,0,2.6,1
1159,51-200,Conference,Healthcare,,8.8,4,1,1,0.3,0
1160,201-1000,University Partnership,Corporate Security,76.4,38.2,5,0,0,0.9,0
1161,1-50,Inbound Website,Healthcare,57.6,9.8,4,0,0,0.8,0
1162,201-1000,Referral,Corporate Security,66.0,0.7,2,1,1,4.5,1
1163,201-1000,Cold Outreach,Other,31.2,80.8,0,0,1,5.0,0
1164,1-50,Conference,Higher Education,28.1,3.4,7,0,0,0.8,1
1165,1-50,Inbound Website,Other,82.3,17.9,0,0,1,3.7,0
1166,1000+,Inbound Website,NGO/Nonprofit,52.0,18.0,4,1,0,0.7,1
1167,201-1000,University Partnership,NGO/Nonprofit,37.5,10.6,5,0,1,1.8,1
1168,51-200,Cold Outreach,Corporate Security,37.6,0.5,6,0,0,0.3,0
1169,201-1000,Cold Outreach,NGO/Nonprofit,37.0,13.9,3,0,0,4.7,0
1170,1-50,Webinar,Government,35.8,7.1,6,0,0,0.9,0
1171,51-200,Cold Outreach,NGO/Nonprofit,24.3,26.4,4,1,1,4.3,0
1172,201-1000,Cold Outreach,Higher Education,20.0,1.2,4,0,0,2.5,0
1173,1-50,Cold Outreach,Government,46.1,31.5,3,0,0,0.8,0
1174,201-1000,University Partnership,Corporate Security,38.1,25.3,5,1,1,3.3,1
1175,51-200,Cold Outreach,Government,72.1,25.8,2,0,0,0.4,0
1176,201-1000,Referral,Government,,25.9,4,0,1,2.2,0
1177,51-200,Conference,NGO/Nonprofit,55.3,64.5,5,0,0,3.9,0
1178,51-200,Webinar,Government,35.1,2.7,2,1,0,2.1,0
1179,1-50,Referral,Healthcare,47.6,1.9,3,1,0,1.9,0
1180,1-50,Inbound Website,Higher Education,57.2,1.8,1,1,0,0.6,0
1181,201-1000,Inbound Website,NGO/Nonprofit,64.3,17.1,3,0,0,2.0,0
1182,1-50,University Partnership,NGO/Nonprofit,48.1,2.6,3,0,0,4.2,0
1183,1-50,University Partnership,Corporate Security,71.6,17.6,2,0,1,2.1,1
1184,1-50,Referral,Healthcare,50.2,19.1,2,1,0,0.7,1
1185,1-50,Referral,Other,65.9,2.6,3,0,0,0.1,0
1186,201-1000,Inbound Website,NGO/Nonprofit,40.2,38.3,2,0,1,0.6,0
1187,51-200,Conference,Government,13.7,10.1,5,1,0,4.9,0
1188,1000+,Referral,Corporate Security,55.4,26.6,0,0,1,1.3,0
1189,1-50,Inbound Website,NGO/Nonprofit,64.5,26.9,3,0,1,0.2,0
1190,201-1000,Referral,Government,61.5,4.2,2,0,0,1.9,1
1191,51-200,Webinar,NGO/Nonprofit,58.4,53.4,5,0,1,0.5,1
1192,51-200,Inbound Website,Government,43.0,7.3,2,1,1,7.4,1
1193,1000+,Cold Outreach,NGO/Nonprofit,33.9,77.0,4,0,0,3.8,0
1194,1000+,Referral,Higher Education,61.0,2.2,6,1,1,7.1,1
1195,1000+,Webinar,Higher Education,58.5,0.5,3,0,0,2.7,0
1196,1-50,Conference,Other,38.8,4.5,2,0,0,0.5,0
1197,1-50,University Partnership,NGO/Nonprofit,72.2,14.5,1,1,0,0.2,1
1198,201-1000,University Partnership,NGO/Nonprofit,32.3,17.8,4,1,0,1.9,0
1199,1-50,Referral,Other,38.3,24.9,4,0,1,0.1,0
1200,201-1000,Webinar,Corporate Security,82.7,21.2,4,1,0,10.1,1
